Entity,Code,Year,education_expenditure
Afghanistan,AFG,1971,0.30793
Afghanistan,AFG,1975,0.47981
Afghanistan,AFG,1979,0.75845
Afghanistan,AFG,1980,0.87061
Afghanistan,AFG,1981,0.80777
Afghanistan,AFG,1982,0.74084
Afghanistan,AFG,2010,2.16201
Afghanistan,AFG,2011,2.14557
Afghanistan,AFG,2012,1.53942
Afghanistan,AFG,2013,2.07295
Afghanistan,AFG,2014,2.18412
Afghanistan,AFG,2015,1.84589
Afghanistan,AFG,2016,1.83096
Afghanistan,AFG,2017,1.79364
Albania,ALB,1994,1.88896
Albania,ALB,2015,1.95163
Albania,ALB,2017,2.08063
Algeria,DZA,1974,2.11339
Algeria,DZA,1978,1.82071
Algeria,DZA,1979,2.84046
Algeria,DZA,1980,2.87705
Algeria,DZA,1999,1.9013
Algeria,DZA,2000,1.54451
Algeria,DZA,2002,1.61837
Algeria,DZA,2003,1.64052
Andorra,AND,2002,0.45043
Andorra,AND,2004,0.45204
Andorra,AND,2005,0.39703
Andorra,AND,2006,0.53343
Andorra,AND,2007,0.53966
Andorra,AND,2009,0.82886
Andorra,AND,2010,0.86011
Andorra,AND,2011,0.86053
Andorra,AND,2013,0.80558
Andorra,AND,2014,0.68524
Andorra,AND,2015,0.72416
Andorra,AND,2016,0.69609
Andorra,AND,2017,0.7093
Andorra,AND,2018,0.69546
Andorra,AND,2019,0.67913
Angola,AGO,2005,0.77381
Angola,AGO,2006,0.71714
Antigua and Barbuda,ATG,1999,0.91181
Antigua and Barbuda,ATG,2002,0.96912
Antigua and Barbuda,ATG,2009,1.0475
Argentina,ARG,1970,0.40827
Argentina,ARG,1972,0.53623
Argentina,ARG,1973,0.56461
Argentina,ARG,1974,0.62277
Argentina,ARG,1975,0.47881
Argentina,ARG,1976,0.29256
Argentina,ARG,1977,0.69351
Argentina,ARG,1978,0.78475
Argentina,ARG,1979,0.99481
Argentina,ARG,1980,1.0573
Argentina,ARG,1982,0.67555
Argentina,ARG,1983,0.64627
Argentina,ARG,1984,1.00379
Argentina,ARG,1985,0.06954
Argentina,ARG,1986,0.0637
Argentina,ARG,1987,0.06082
Argentina,ARG,1989,0.03105
Argentina,ARG,1990,0.03484
Argentina,ARG,1996,1.4458
Argentina,ARG,1998,1.4168
Argentina,ARG,1999,1.64341
Argentina,ARG,2000,1.63477
Argentina,ARG,2001,1.8329
Argentina,ARG,2002,1.4235
Argentina,ARG,2003,1.34384
Argentina,ARG,2004,1.27939
Argentina,ARG,2005,1.31996
Argentina,ARG,2006,1.44662
Argentina,ARG,2007,1.58313
Argentina,ARG,2008,1.70103
Argentina,ARG,2009,1.81433
Argentina,ARG,2010,1.65926
Argentina,ARG,2011,1.69134
Argentina,ARG,2012,1.69991
Argentina,ARG,2013,1.63274
Argentina,ARG,2014,1.61167
Argentina,ARG,2015,1.73522
Argentina,ARG,2016,1.66775
Argentina,ARG,2017,1.61653
Armenia,ARM,2012,0.51784
Armenia,ARM,2013,0.53297
Armenia,ARM,2015,0.5432
Armenia,ARM,2016,0.56999
Armenia,ARM,2017,0.52456
Aruba,ABW,1998,1.0989
Aruba,ABW,1999,1.18456
Aruba,ABW,2000,1.33183
Aruba,ABW,2001,1.2387
Aruba,ABW,2002,1.42777
Aruba,ABW,2004,1.17725
Aruba,ABW,2005,1.25142
Aruba,ABW,2012,1.59322
Aruba,ABW,2013,1.57674
Aruba,ABW,2014,1.54815
Aruba,ABW,2015,1.42467
Aruba,ABW,2016,1.52057
Australia,AUS,1993,1.61798
Australia,AUS,1994,1.63851
Australia,AUS,1995,1.59161
Australia,AUS,1996,1.53498
Australia,AUS,2000,1.66642
Australia,AUS,2005,1.70017
Australia,AUS,2006,1.66106
Australia,AUS,2007,1.63789
Australia,AUS,2008,1.64284
Australia,AUS,2009,1.82903
Australia,AUS,2010,2.04281
Australia,AUS,2011,1.82539
Australia,AUS,2012,1.6623
Australia,AUS,2013,1.71633
Australia,AUS,2014,1.68503
Australia,AUS,2015,1.68815
Australia,AUS,2016,1.74087
Australia,AUS,2017,1.70396
Austria,AUT,1970,1.22493
Austria,AUT,1971,1.23263
Austria,AUT,1972,1.1996
Austria,AUT,1973,1.1004
Austria,AUT,1974,1.13306
Austria,AUT,1975,1.19437
Austria,AUT,1976,1.03286
Austria,AUT,1977,0.97863
Austria,AUT,1978,0.99209
Austria,AUT,1979,0.932
Austria,AUT,1980,0.89041
Austria,AUT,1981,0.8516
Austria,AUT,1982,0.86408
Austria,AUT,1983,0.80321
Austria,AUT,1984,0.91627
Austria,AUT,1985,0.92613
Austria,AUT,1986,0.93292
Austria,AUT,1987,0.94502
Austria,AUT,1988,0.92369
Austria,AUT,1989,0.90254
Austria,AUT,1990,0.89851
Austria,AUT,1991,0.92878
Austria,AUT,1992,0.98294
Austria,AUT,1993,0.9663
Austria,AUT,1995,1.17009
Austria,AUT,1996,1.09968
Austria,AUT,1998,1.1842
Austria,AUT,1999,1.18469
Austria,AUT,2000,1.10087
Austria,AUT,2001,1.095
Austria,AUT,2002,1.09333
Austria,AUT,2003,1.05752
Austria,AUT,2004,1.00485
Austria,AUT,2005,0.99713
Austria,AUT,2006,0.97049
Austria,AUT,2007,0.92799
Austria,AUT,2008,0.93908
Austria,AUT,2009,0.99864
Austria,AUT,2010,0.97665
Austria,AUT,2011,0.956
Austria,AUT,2012,0.84894
Austria,AUT,2013,0.90431
Austria,AUT,2014,0.88778
Austria,AUT,2015,0.90404
Austria,AUT,2016,0.91041
Austria,AUT,2017,0.90578
Bahrain,BHR,2013,0.79438
Bahrain,BHR,2014,0.80186
Bahrain,BHR,2015,0.88012
Bangladesh,BGD,1979,0.4346
Bangladesh,BGD,1980,0.37759
Bangladesh,BGD,1981,0.46661
Bangladesh,BGD,1982,0.43844
Bangladesh,BGD,1983,0.51128
Bangladesh,BGD,1984,0.5502
Bangladesh,BGD,1985,0.61412
Bangladesh,BGD,1986,0.66052
Bangladesh,BGD,1987,0.60546
Bangladesh,BGD,1990,0.70885
Bangladesh,BGD,1991,0.70172
Bangladesh,BGD,1992,0.80457
Bangladesh,BGD,1993,0.90955
Bangladesh,BGD,1997,1.00167
Bangladesh,BGD,1999,0.94831
Bangladesh,BGD,2000,0.98796
Bangladesh,BGD,2002,0.90984
Bangladesh,BGD,2003,0.94008
Bangladesh,BGD,2004,0.77581
Bangladesh,BGD,2006,0.89422
Bangladesh,BGD,2007,1.01856
Bangladesh,BGD,2008,0.93061
Bangladesh,BGD,2009,0.86747
Bangladesh,BGD,2011,1.00529
Bangladesh,BGD,2012,0.97034
Barbados,BRB,1976,1.48946
Barbados,BRB,1977,1.59054
Barbados,BRB,1991,2.3403
Barbados,BRB,1999,0.99106
Barbados,BRB,2000,1.30384
Barbados,BRB,2001,1.77185
Barbados,BRB,2002,1.56197
Barbados,BRB,2003,1.67522
Barbados,BRB,2004,1.64731
Barbados,BRB,2005,1.58148
Barbados,BRB,2008,1.8143
Barbados,BRB,2016,1.46593
Belgium,BEL,1979,1.42627
Belgium,BEL,1988,1.14438
Belgium,BEL,1993,1.05497
Belgium,BEL,1994,1.13526
Belgium,BEL,1995,0.60402
Belgium,BEL,1996,0.63542
Belgium,BEL,2013,1.54839
Belgium,BEL,2014,1.52317
Belgium,BEL,2015,1.51842
Belgium,BEL,2016,1.53812
Belgium,BEL,2017,1.52471
Belize,BLZ,1999,3.23769
Belize,BLZ,2000,3.04442
Belize,BLZ,2004,2.27573
Belize,BLZ,2005,2.50775
Belize,BLZ,2006,2.59117
Belize,BLZ,2008,2.73199
Belize,BLZ,2009,2.79628
Belize,BLZ,2010,3.09466
Belize,BLZ,2012,2.48381
Belize,BLZ,2013,2.5729
Belize,BLZ,2014,2.50282
Belize,BLZ,2015,2.26665
Belize,BLZ,2016,2.40627
Belize,BLZ,2017,2.35666
Belize,BLZ,2018,2.36524
Benin,BEN,2000,1.08587
Benin,BEN,2001,1.30966
Benin,BEN,2002,1.16573
Benin,BEN,2003,1.20067
Benin,BEN,2004,1.31413
Benin,BEN,2005,1.22128
Benin,BEN,2006,1.36352
Benin,BEN,2007,1.35245
Benin,BEN,2008,1.56877
Benin,BEN,2009,1.77528
Benin,BEN,2010,1.94396
Benin,BEN,2012,1.82121
Benin,BEN,2013,1.66803
Benin,BEN,2014,1.54742
Benin,BEN,2015,1.58042
Bermuda,BMU,1973,1.60578
Bermuda,BMU,1975,1.16347
Bermuda,BMU,1985,1.00649
Bermuda,BMU,1990,0.95098
Bermuda,BMU,1991,1.11128
Bermuda,BMU,1992,1.12349
Bermuda,BMU,1998,0.71336
Bermuda,BMU,2004,0.70991
Bermuda,BMU,2005,0.81037
Bermuda,BMU,2010,0.8156
Bermuda,BMU,2014,0.53372
Bermuda,BMU,2015,0.52138
Bermuda,BMU,2017,0.4825
Bhutan,BTN,2004,1.27977
Bhutan,BTN,2005,1.62626
Bhutan,BTN,2008,1.14785
Bhutan,BTN,2009,1.41325
Bhutan,BTN,2010,1.23466
Bhutan,BTN,2011,1.50163
Bhutan,BTN,2013,1.24872
Bhutan,BTN,2014,1.9326
Botswana,BWA,1971,2.32487
Botswana,BWA,1972,1.95264
Botswana,BWA,1973,1.47364
Botswana,BWA,1974,1.47064
Botswana,BWA,1975,2.93628
Botswana,BWA,1976,2.92519
Botswana,BWA,1977,2.62349
Botswana,BWA,1978,2.81394
Botswana,BWA,1979,3.08927
Botswana,BWA,1980,2.14292
Botswana,BWA,1983,2.40008
Botswana,BWA,1984,2.44624
Botswana,BWA,1985,2.02787
Botswana,BWA,1986,1.80551
Botswana,BWA,1987,1.9251
Botswana,BWA,1988,1.99361
Botswana,BWA,1990,1.46383
Botswana,BWA,1992,1.93834
Botswana,BWA,2005,3.20687
Botswana,BWA,2007,2.43827
Botswana,BWA,2009,1.71681
Brazil,BRA,1995,2.23539
Brazil,BRA,1998,1.56482
Brazil,BRA,1999,1.29119
Brazil,BRA,2000,1.2195
Brazil,BRA,2001,1.15351
Brazil,BRA,2002,1.05777
Brazil,BRA,2004,1.30888
Brazil,BRA,2005,1.52359
Brazil,BRA,2006,1.55979
Brazil,BRA,2007,1.60164
Brazil,BRA,2008,1.68178
Brazil,BRA,2009,1.76903
Brazil,BRA,2010,1.76954
Brazil,BRA,2011,1.68023
Brazil,BRA,2012,1.6728
Brazil,BRA,2013,1.63935
Brazil,BRA,2014,1.59531
Brazil,BRA,2015,1.59865
Brazil,BRA,2016,1.62088
Brazil,BRA,2017,1.57747
British Virgin Islands,VGB,1970,5.41599
British Virgin Islands,VGB,1971,4.97628
British Virgin Islands,VGB,1973,3.56949
British Virgin Islands,VGB,2001,0.81017
British Virgin Islands,VGB,2004,1.08046
British Virgin Islands,VGB,2005,1.02809
British Virgin Islands,VGB,2006,0.99916
British Virgin Islands,VGB,2007,0.89646
British Virgin Islands,VGB,2009,0.98604
British Virgin Islands,VGB,2010,1.30037
British Virgin Islands,VGB,2015,0.85053
British Virgin Islands,VGB,2017,0.70432
British Virgin Islands,VGB,2018,0.72208
Brunei,BRN,1970,2.71434
Brunei,BRN,1971,1.6545
Brunei,BRN,1972,1.58604
Brunei,BRN,1973,2.98375
Brunei,BRN,1974,1.19964
Brunei,BRN,1975,0.80685
Brunei,BRN,1976,0.74307
Brunei,BRN,1978,0.7421
Brunei,BRN,1979,0.514
Brunei,BRN,1980,0.39648
Brunei,BRN,1981,0.54973
Brunei,BRN,1982,0.61311
Brunei,BRN,1987,1.17361
Brunei,BRN,1988,1.19216
Brunei,BRN,1989,1.25579
Brunei,BRN,1990,0.98629
Brunei,BRN,1991,0.87543
Brunei,BRN,1992,0.81227
Brunei,BRN,1993,0.87677
Brunei,BRN,2010,0.58412
Brunei,BRN,2016,0.86396
Bulgaria,BGR,1998,0.62837
Bulgaria,BGR,2001,0.70349
Bulgaria,BGR,2002,0.68055
Bulgaria,BGR,2003,0.76393
Bulgaria,BGR,2004,0.45222
Bulgaria,BGR,2005,0.83409
Bulgaria,BGR,2006,0.76958
Bulgaria,BGR,2007,0.73186
Bulgaria,BGR,2008,0.7992
Bulgaria,BGR,2009,0.7957
Bulgaria,BGR,2010,0.76046
Bulgaria,BGR,2011,0.65981
Bulgaria,BGR,2012,0.65104
Bulgaria,BGR,2013,0.80247
Bulgaria,BGR,2017,0.80885
Burkina Faso,BFA,1978,0.68918
Burkina Faso,BFA,1980,0.62562
Burkina Faso,BFA,1983,0.65423
Burkina Faso,BFA,1985,0.74652
Burkina Faso,BFA,1988,0.87358
Burkina Faso,BFA,1994,1.85807
Burkina Faso,BFA,1996,1.42109
Burkina Faso,BFA,1997,1.53809
Burkina Faso,BFA,2005,2.80534
Burkina Faso,BFA,2006,2.66052
Burkina Faso,BFA,2007,2.73486
Burkina Faso,BFA,2010,2.11329
Burkina Faso,BFA,2011,2.49636
Burkina Faso,BFA,2012,2.18447
Burkina Faso,BFA,2013,2.4414
Burkina Faso,BFA,2014,2.65125
Burkina Faso,BFA,2015,2.12381
Burundi,BDI,1979,1.08911
Burundi,BDI,1981,1.30588
Burundi,BDI,1990,1.53602
Burundi,BDI,1992,1.68129
Burundi,BDI,1994,1.92366
Burundi,BDI,1995,2.00468
Burundi,BDI,1996,1.69593
Burundi,BDI,1999,1.28044
Burundi,BDI,2000,0.99948
Burundi,BDI,2001,1.16394
Burundi,BDI,2002,1.28818
Burundi,BDI,2004,1.89711
Burundi,BDI,2005,1.87264
Burundi,BDI,2008,2.68925
Burundi,BDI,2009,3.28763
Burundi,BDI,2010,3.07716
Burundi,BDI,2011,3.1407
Burundi,BDI,2012,2.71359
Burundi,BDI,2013,2.72369
Cambodia,KHM,1998,0.87382
Cambodia,KHM,2000,1.03742
Cambodia,KHM,2001,1.2807
Cambodia,KHM,2002,1.1049
Cambodia,KHM,2009,0.84998
Cambodia,KHM,2010,0.76632
Cambodia,KHM,2011,0.74687
Cambodia,KHM,2012,0.76869
Cambodia,KHM,2013,1.01919
Cambodia,KHM,2014,0.92518
Cameroon,CMR,1971,1.25999
Cameroon,CMR,1972,1.22898
Cameroon,CMR,2005,1.01237
Cameroon,CMR,2006,1.05946
Cameroon,CMR,2007,1.13751
Cameroon,CMR,2008,0.85006
Cameroon,CMR,2009,1.06333
Cameroon,CMR,2010,1.02269
Cameroon,CMR,2011,0.90475
Cameroon,CMR,2012,0.97618
Cameroon,CMR,2013,0.93778
Canada,CAN,2015,1.83267
Cape Verde,CPV,2002,3.45098
Cape Verde,CPV,2005,3.41736
Cape Verde,CPV,2006,3.17846
Cape Verde,CPV,2007,2.21825
Cape Verde,CPV,2008,2.00435
Cape Verde,CPV,2009,2.34031
Cape Verde,CPV,2011,2.17571
Cape Verde,CPV,2013,1.92049
Cape Verde,CPV,2014,2.1303
Cape Verde,CPV,2015,2.07767
Cape Verde,CPV,2016,2.0671
Cape Verde,CPV,2017,1.97396
Cayman Islands,CYM,2005,1.15571
Cayman Islands,CYM,2006,1.19871
Central African Republic,CAF,1978,1.98182
Central African Republic,CAF,1986,1.22584
Central African Republic,CAF,1987,1.31933
Central African Republic,CAF,1990,1.19412
Central African Republic,CAF,1991,1.25101
Central African Republic,CAF,2006,0.74229
Central African Republic,CAF,2007,0.62993
Central African Republic,CAF,2009,0.60784
Central African Republic,CAF,2010,0.59528
Chad,TCD,1997,1.476
Chad,TCD,1998,0.94819
Chad,TCD,2004,0.72571
Chad,TCD,2005,0.77595
Chad,TCD,2009,1.36951
Chad,TCD,2010,1.02306
Chad,TCD,2011,0.91821
Chad,TCD,2012,1.03028
Chad,TCD,2018,1.03007
Chile,CHL,1974,0.81826
Chile,CHL,1975,1.23189
Chile,CHL,1978,1.3703
Chile,CHL,1979,1.37664
Chile,CHL,1980,1.73709
Chile,CHL,1981,2.14462
Chile,CHL,1987,1.49597
Chile,CHL,1990,1.21158
Chile,CHL,1993,1.16865
Chile,CHL,1994,1.32364
Chile,CHL,1995,1.43823
Chile,CHL,1996,1.52564
Chile,CHL,1997,1.58834
Chile,CHL,1998,1.38735
Chile,CHL,2000,1.6243
Chile,CHL,2002,1.71583
Chile,CHL,2003,1.57713
Chile,CHL,2004,1.33668
Chile,CHL,2005,1.22055
Chile,CHL,2006,1.08448
Chile,CHL,2007,1.13937
Chile,CHL,2008,1.38059
Chile,CHL,2009,1.5394
Chile,CHL,2010,1.32085
Chile,CHL,2011,1.32485
Chile,CHL,2012,1.45673
Chile,CHL,2013,1.32288
Chile,CHL,2014,1.17327
Chile,CHL,2015,1.2488
Chile,CHL,2016,1.5002
Chile,CHL,2017,1.51059
China,CHN,1980,0.56544
China,CHN,1981,0.58997
China,CHN,1982,0.63945
China,CHN,1983,0.6411
China,CHN,1984,0.59916
China,CHN,1985,0.58996
China,CHN,1986,0.60639
China,CHN,1987,0.55476
China,CHN,1988,0.57495
China,CHN,1992,0.56739
China,CHN,1993,0.57657
China,CHN,1994,0.77434
China,CHN,1995,0.55447
China,CHN,1996,0.74874
China,CHN,1998,0.66514
China,CHN,1999,0.61544
Colombia,COL,1979,0.78576
Colombia,COL,1980,0.77866
Colombia,COL,1981,1.1833
Colombia,COL,1984,1.22248
Colombia,COL,1985,1.0792
Colombia,COL,1989,0.93767
Colombia,COL,1998,1.76447
Colombia,COL,1999,2.00555
Colombia,COL,2000,1.56449
Colombia,COL,2001,1.65303
Colombia,COL,2004,1.97133
Colombia,COL,2005,1.90744
Colombia,COL,2007,1.49552
Colombia,COL,2008,1.46927
Colombia,COL,2009,1.83453
Colombia,COL,2010,1.73639
Colombia,COL,2011,1.58889
Colombia,COL,2012,1.52805
Colombia,COL,2013,1.67919
Colombia,COL,2014,1.64809
Colombia,COL,2015,1.64169
Colombia,COL,2016,1.61093
Colombia,COL,2017,1.58775
Colombia,COL,2018,1.45803
Comoros,COM,1998,0.91575
Comoros,COM,2002,1.02114
Comoros,COM,2008,2.72992
Comoros,COM,2011,1.58882
Comoros,COM,2012,1.5555
Comoros,COM,2013,1.31384
Comoros,COM,2014,1.54674
Comoros,COM,2015,1.38991
Congo,COG,1970,2.75136
Congo,COG,1973,2.27104
Congo,COG,1975,2.22268
Congo,COG,1978,2.75537
Congo,COG,1979,2.21094
Congo,COG,1980,2.15708
Congo,COG,1994,3.00613
Congo,COG,1995,2.45465
Congo,COG,2002,1.13446
Congo,COG,2005,0.50033
Congo,COG,2010,1.92834
Cook Islands,COK,1971,5.64301
Cook Islands,COK,1985,2.71373
Cook Islands,COK,1987,2.25528
Cook Islands,COK,1992,1.81427
Cook Islands,COK,1999,1.01374
Cook Islands,COK,2000,1.04808
Cook Islands,COK,2012,0.97452
Cook Islands,COK,2013,1.19565
Costa Rica,CRI,1980,1.89817
Costa Rica,CRI,1982,1.13301
Costa Rica,CRI,1983,1.20232
Costa Rica,CRI,1988,1.47051
Costa Rica,CRI,1989,1.49844
Costa Rica,CRI,1995,1.30744
Costa Rica,CRI,1996,1.58714
Costa Rica,CRI,1999,2.55971
Costa Rica,CRI,2000,2.1807
Costa Rica,CRI,2001,2.07417
Costa Rica,CRI,2002,2.19411
Costa Rica,CRI,2004,2.23298
Costa Rica,CRI,2006,1.82879
Costa Rica,CRI,2007,1.81582
Costa Rica,CRI,2008,1.94395
Costa Rica,CRI,2009,2.49392
Costa Rica,CRI,2010,2.78011
Costa Rica,CRI,2011,2.53911
Costa Rica,CRI,2012,2.61588
Costa Rica,CRI,2013,2.50666
Costa Rica,CRI,2014,2.49422
Costa Rica,CRI,2015,2.60909
Costa Rica,CRI,2016,2.41497
Costa Rica,CRI,2017,2.11571
Costa Rica,CRI,2018,2.0011
Costa Rica,CRI,2019,2.09278
Cote d'Ivoire,CIV,1970,1.80476
Cote d'Ivoire,CIV,1972,2.07767
Cote d'Ivoire,CIV,1973,2.24074
Cote d'Ivoire,CIV,1974,1.9843
Cote d'Ivoire,CIV,1975,2.50581
Cote d'Ivoire,CIV,1976,2.41993
Cote d'Ivoire,CIV,1978,2.25156
Cote d'Ivoire,CIV,1979,2.63434
Cote d'Ivoire,CIV,1980,3.02428
Cote d'Ivoire,CIV,1992,3.3548
Cote d'Ivoire,CIV,1993,3.2448
Cote d'Ivoire,CIV,1994,2.35874
Cote d'Ivoire,CIV,1995,2.03921
Cote d'Ivoire,CIV,1996,1.81168
Cote d'Ivoire,CIV,1997,1.76923
Cote d'Ivoire,CIV,1998,1.63535
Cote d'Ivoire,CIV,1999,1.70652
Cote d'Ivoire,CIV,2000,1.53918
Cote d'Ivoire,CIV,2001,1.54872
Cote d'Ivoire,CIV,2006,1.83188
Cote d'Ivoire,CIV,2007,1.8719
Cote d'Ivoire,CIV,2008,1.87072
Cote d'Ivoire,CIV,2009,1.84296
Cote d'Ivoire,CIV,2010,1.9427
Cote d'Ivoire,CIV,2011,1.63681
Cote d'Ivoire,CIV,2012,1.84299
Cote d'Ivoire,CIV,2013,1.8576
Cote d'Ivoire,CIV,2014,1.78955
Cote d'Ivoire,CIV,2015,1.44681
Cote d'Ivoire,CIV,2016,1.76574
Cote d'Ivoire,CIV,2017,1.50333
Cote d'Ivoire,CIV,2018,1.53991
Croatia,HRV,2017,1.64654
Cuba,CUB,1991,1.6333
Cuba,CUB,1993,1.86687
Cuba,CUB,1994,1.58657
Cuba,CUB,1998,2.17703
Cuba,CUB,1999,2.42546
Cuba,CUB,2000,2.6582
Cuba,CUB,2001,2.60436
Cuba,CUB,2002,3.23157
Cuba,CUB,2004,3.26132
Cuba,CUB,2005,3.20041
Cuba,CUB,2006,2.65502
Cuba,CUB,2007,3.57693
Cuba,CUB,2008,3.58206
Cuba,CUB,2009,3.34241
Cuba,CUB,2010,3.72731
Curacao,CUW,2013,1.35431
Cyprus,CYP,1975,1.8607
Cyprus,CYP,1976,1.59958
Cyprus,CYP,1977,1.38147
Cyprus,CYP,1978,1.34057
Cyprus,CYP,1979,1.30533
Cyprus,CYP,1980,1.28712
Cyprus,CYP,1981,1.34041
Cyprus,CYP,1982,1.32169
Cyprus,CYP,1984,1.29131
Cyprus,CYP,1985,1.27722
Cyprus,CYP,1986,1.25573
Cyprus,CYP,1987,1.26862
Cyprus,CYP,1988,1.22105
Cyprus,CYP,1989,1.19961
Cyprus,CYP,1990,1.19541
Cyprus,CYP,1991,1.30411
Cyprus,CYP,1992,1.32363
Cyprus,CYP,1993,1.39713
Cyprus,CYP,1994,1.40299
Cyprus,CYP,1995,1.25917
Cyprus,CYP,1999,1.49062
Cyprus,CYP,2000,1.37559
Cyprus,CYP,2001,1.59413
Cyprus,CYP,2002,1.65436
Cyprus,CYP,2003,1.86415
Cyprus,CYP,2004,1.68275
Cyprus,CYP,2005,1.71658
Cyprus,CYP,2006,1.75918
Cyprus,CYP,2007,1.76801
Cyprus,CYP,2008,1.86763
Cyprus,CYP,2009,1.99593
Cyprus,CYP,2010,2.0288
Cyprus,CYP,2011,2.04799
Cyprus,CYP,2013,1.98398
Cyprus,CYP,2014,2.03292
Cyprus,CYP,2015,2.044
Cyprus,CYP,2016,2.01837
Cyprus,CYP,2017,1.88125
Czechia,CZE,1993,1.79658
Czechia,CZE,1994,0.75545
Czechia,CZE,1995,0.79732
Czechia,CZE,1996,0.87707
Czechia,CZE,1998,0.62167
Czechia,CZE,1999,0.66031
Czechia,CZE,2000,0.66406
Czechia,CZE,2001,0.62863
Czechia,CZE,2002,0.63897
Czechia,CZE,2003,0.6499
Czechia,CZE,2004,0.60956
Czechia,CZE,2005,0.56494
Czechia,CZE,2006,0.57204
Czechia,CZE,2007,0.53699
Czechia,CZE,2008,0.5507
Czechia,CZE,2009,0.66372
Czechia,CZE,2010,0.65749
Czechia,CZE,2011,0.68735
Czechia,CZE,2012,0.71319
Czechia,CZE,2013,0.72651
Czechia,CZE,2014,0.74456
Czechia,CZE,2015,0.76881
Czechia,CZE,2016,0.73974
Czechia,CZE,2017,0.81212
Democratic Republic of Congo,COD,2010,0.50837
Democratic Republic of Congo,COD,2013,1.27019
Denmark,DNK,1977,3.27438
Denmark,DNK,1978,3.2907
Denmark,DNK,1979,3.26259
Denmark,DNK,1980,3.32454
Denmark,DNK,1986,2.88657
Denmark,DNK,1987,3.05641
Denmark,DNK,1988,3.08892
Denmark,DNK,1991,1.39307
Denmark,DNK,1993,1.49235
Denmark,DNK,1994,1.42396
Denmark,DNK,1995,1.58141
Denmark,DNK,1996,1.71072
Denmark,DNK,1998,1.79091
Denmark,DNK,1999,1.67979
Denmark,DNK,2000,1.69936
Denmark,DNK,2001,1.83256
Denmark,DNK,2002,1.85198
Denmark,DNK,2003,1.91133
Denmark,DNK,2004,1.88041
Denmark,DNK,2005,1.88071
Denmark,DNK,2006,1.83124
Denmark,DNK,2007,1.81373
Denmark,DNK,2008,1.80064
Denmark,DNK,2009,2.05787
Denmark,DNK,2010,2.0272
Denmark,DNK,2011,1.83275
Denmark,DNK,2012,2.15129
Denmark,DNK,2013,2.11283
Denmark,DNK,2014,2.0772
Denmark,DNK,2017,1.932
Djibouti,DJI,1998,2.28652
Djibouti,DJI,2006,1.45489
Djibouti,DJI,2007,1.59837
Djibouti,DJI,2008,1.59657
Djibouti,DJI,2010,1.53056
Djibouti,DJI,2016,1.68105
Dominica,DMA,1989,2.7169
Dominica,DMA,1998,2.7121
Dominica,DMA,2007,1.67506
Dominica,DMA,2008,2.06139
Dominica,DMA,2009,1.58105
Dominica,DMA,2010,1.72947
Dominica,DMA,2011,1.70654
Dominica,DMA,2012,1.55113
Dominica,DMA,2015,1.56211
Dominica,DMA,2019,1.80834
Dominican Republic,DOM,1970,1.10313
Dominican Republic,DOM,1982,0.74519
Dominican Republic,DOM,1983,0.72132
Dominican Republic,DOM,1984,0.66538
Dominican Republic,DOM,1985,0.60999
Dominican Republic,DOM,1993,0.38385
Dominican Republic,DOM,1994,0.50113
Dominican Republic,DOM,1995,0.59866
Dominican Republic,DOM,1996,0.64441
Dominican Republic,DOM,2001,1.09213
Dominican Republic,DOM,2002,1.20141
Dominican Republic,DOM,2004,0.62039
Dominican Republic,DOM,2005,0.91212
Dominican Republic,DOM,2007,1.20104
Dominican Republic,DOM,2008,0.92742
Dominican Republic,DOM,2009,0.93713
Dominican Republic,DOM,2010,0.95891
Dominican Republic,DOM,2011,0.91716
Dominican Republic,DOM,2012,1.11839
Dominican Republic,DOM,2013,1.85289
Dominican Republic,DOM,2014,1.81185
Dominican Republic,DOM,2015,1.83447
Dominican Republic,DOM,2016,1.87044
Dominican Republic,DOM,2017,1.65521
Dominican Republic,DOM,2018,1.77502
Dominican Republic,DOM,2019,2.01311
East Timor,TLS,2011,7.33091
East Timor,TLS,2012,4.7474
East Timor,TLS,2013,3.66888
East Timor,TLS,2014,4.87689
Ecuador,ECU,1970,0.83559
Ecuador,ECU,1971,0.86178
Ecuador,ECU,1977,0.89279
Ecuador,ECU,1984,1.73011
Ecuador,ECU,1985,2.31472
Ecuador,ECU,1986,3.20996
Ecuador,ECU,1995,0.684
Ecuador,ECU,1999,0.59167
Ecuador,ECU,2000,0.44067
Ecuador,ECU,2009,1.57858
Ecuador,ECU,2010,1.45984
Ecuador,ECU,2011,1.54534
Ecuador,ECU,2012,1.44645
Ecuador,ECU,2013,1.54927
Ecuador,ECU,2014,1.3526
Ecuador,ECU,2015,1.16245
Ecuador,ECU,2016,1.12532
Ecuador,ECU,2018,1.26954
Egypt,EGY,2017,1.2677
El Salvador,SLV,1975,0.52511
El Salvador,SLV,1998,1.48226
El Salvador,SLV,1999,1.50229
El Salvador,SLV,2000,1.51684
El Salvador,SLV,2002,1.89985
El Salvador,SLV,2003,1.79245
El Salvador,SLV,2005,1.62071
El Salvador,SLV,2006,1.69116
El Salvador,SLV,2007,1.67486
El Salvador,SLV,2008,1.6937
El Salvador,SLV,2010,1.72726
El Salvador,SLV,2012,1.58713
El Salvador,SLV,2013,1.62552
El Salvador,SLV,2014,1.62484
El Salvador,SLV,2015,1.58915
El Salvador,SLV,2016,1.80477
El Salvador,SLV,2017,1.69893
El Salvador,SLV,2018,1.65844
Equatorial Guinea,GNQ,1998,0.76431
Eritrea,ERI,1996,0.70283
Eritrea,ERI,2001,1.07383
Eritrea,ERI,2002,0.91667
Eritrea,ERI,2004,0.72636
Estonia,EST,1997,1.61644
Estonia,EST,1998,1.57332
Estonia,EST,1999,1.9034
Estonia,EST,2001,1.53713
Estonia,EST,2002,1.52171
Estonia,EST,2003,1.38646
Estonia,EST,2004,1.25627
Estonia,EST,2005,1.21752
Estonia,EST,2007,1.0782
Estonia,EST,2008,1.39757
Estonia,EST,2009,1.48826
Estonia,EST,2010,1.34545
Estonia,EST,2011,1.21491
Estonia,EST,2012,1.26493
Estonia,EST,2013,1.47731
Estonia,EST,2014,1.32064
Estonia,EST,2015,1.21859
Estonia,EST,2016,1.29095
Estonia,EST,2017,1.38034
Eswatini,SWZ,1976,1.08583
Eswatini,SWZ,1977,1.09916
Eswatini,SWZ,1978,1.3559
Eswatini,SWZ,1979,2.24544
Eswatini,SWZ,1980,2.13693
Eswatini,SWZ,1981,2.9535
Eswatini,SWZ,1982,3.06249
Eswatini,SWZ,1987,2.11673
Eswatini,SWZ,1988,2.06592
Eswatini,SWZ,1989,1.71671
Eswatini,SWZ,1990,1.83499
Eswatini,SWZ,1994,1.39068
Eswatini,SWZ,1995,1.65002
Eswatini,SWZ,1996,1.77923
Eswatini,SWZ,1999,1.68783
Eswatini,SWZ,2000,1.94775
Eswatini,SWZ,2001,1.55375
Eswatini,SWZ,2002,1.67242
Eswatini,SWZ,2003,1.84681
Eswatini,SWZ,2004,2.03399
Eswatini,SWZ,2005,2.58471
Eswatini,SWZ,2006,2.55581
Eswatini,SWZ,2008,2.22564
Eswatini,SWZ,2009,2.70098
Eswatini,SWZ,2010,2.8857
Eswatini,SWZ,2011,3.3408
Eswatini,SWZ,2014,3.59085
Ethiopia,ETH,1982,0.8772
Ethiopia,ETH,1983,0.95196
Ethiopia,ETH,1984,0.89759
Ethiopia,ETH,1985,1.02388
Ethiopia,ETH,1986,0.96654
Ethiopia,ETH,1993,1.08379
Ethiopia,ETH,1996,1.4204
Ethiopia,ETH,1997,1.28004
Ethiopia,ETH,2009,1.50145
Ethiopia,ETH,2010,1.27682
Ethiopia,ETH,2011,1.45452
Ethiopia,ETH,2012,1.36157
Ethiopia,ETH,2013,1.08172
Ethiopia,ETH,2014,1.40245
Ethiopia,ETH,2015,1.30069
Fiji,FJI,1979,2.43558
Fiji,FJI,1981,2.90617
Fiji,FJI,1983,3.29478
Fiji,FJI,1989,2.35578
Fiji,FJI,2004,2.40956
Fiji,FJI,2011,1.85337
Fiji,FJI,2013,1.49894
Finland,FIN,1970,1.97915
Finland,FIN,1971,2.04206
Finland,FIN,1972,2.29162
Finland,FIN,1973,2.35375
Finland,FIN,1974,2.09452
Finland,FIN,1975,2.37771
Finland,FIN,1976,2.59026
Finland,FIN,1979,1.70121
Finland,FIN,1980,1.64648
Finland,FIN,1981,1.64003
Finland,FIN,1982,1.53689
Finland,FIN,1983,1.56965
Finland,FIN,1984,1.51645
Finland,FIN,1985,1.63509
Finland,FIN,1986,1.72366
Finland,FIN,1987,1.74981
Finland,FIN,1988,1.66745
Finland,FIN,1989,1.60311
Finland,FIN,1990,1.64548
Finland,FIN,1991,1.74594
Finland,FIN,1992,1.77111
Finland,FIN,1993,1.91506
Finland,FIN,1994,1.75759
Finland,FIN,1995,1.68292
Finland,FIN,1996,1.71022
Finland,FIN,1999,1.24607
Finland,FIN,2000,1.22191
Finland,FIN,2001,1.26292
Finland,FIN,2002,1.29957
Finland,FIN,2003,1.33226
Finland,FIN,2004,1.31702
Finland,FIN,2005,1.25079
Finland,FIN,2006,1.22244
Finland,FIN,2007,1.15553
Finland,FIN,2008,1.18742
Finland,FIN,2009,1.27852
Finland,FIN,2010,1.29483
Finland,FIN,2011,1.28973
Finland,FIN,2012,1.31508
Finland,FIN,2013,1.3262
Finland,FIN,2014,1.35758
Finland,FIN,2015,1.42358
Finland,FIN,2016,1.40533
Finland,FIN,2017,1.34143
France,FRA,1970,0.74722
France,FRA,1971,0.66053
France,FRA,1972,0.63314
France,FRA,1973,0.61016
France,FRA,1974,1.08494
France,FRA,1975,1.12181
France,FRA,1976,1.09999
France,FRA,1977,1.09118
France,FRA,1978,1.07034
France,FRA,1979,1.05066
France,FRA,1980,1.0573
France,FRA,1981,1.14987
France,FRA,1982,1.15771
France,FRA,1983,1.10615
France,FRA,1984,1.1027
France,FRA,1985,1.07753
France,FRA,1986,0.99297
France,FRA,1987,0.97123
France,FRA,1988,0.94932
France,FRA,1989,0.91442
France,FRA,1990,0.91016
France,FRA,1991,0.92704
France,FRA,1992,0.8996
France,FRA,1993,1.08621
France,FRA,1994,1.13817
France,FRA,1995,1.13888
France,FRA,1996,1.13186
France,FRA,2017,1.157
Gabon,GAB,1992,1.41576
Gabon,GAB,1998,1.30858
Gabon,GAB,2010,0.91169
Gabon,GAB,2011,0.88993
Gabon,GAB,2012,0.81892
Gabon,GAB,2013,0.76477
Gabon,GAB,2014,0.77961
Gambia,GMB,1985,2.1825
Gambia,GMB,1986,1.70726
Gambia,GMB,1989,1.38746
Gambia,GMB,1990,1.10709
Gambia,GMB,1991,1.69443
Gambia,GMB,1992,0.54885
Gambia,GMB,1995,1.01027
Gambia,GMB,1996,1.10435
Gambia,GMB,2001,0.66973
Gambia,GMB,2002,0.81561
Gambia,GMB,2003,0.74245
Gambia,GMB,2004,0.38074
Gambia,GMB,2005,0.42514
Gambia,GMB,2006,0.47677
Gambia,GMB,2007,0.5117
Gambia,GMB,2008,1.33355
Gambia,GMB,2009,1.15233
Gambia,GMB,2010,1.67451
Gambia,GMB,2011,1.59608
Gambia,GMB,2012,1.58128
Gambia,GMB,2013,0.9421
Gambia,GMB,2014,1.23113
Gambia,GMB,2015,1.20609
Georgia,GEO,2008,1.05103
Georgia,GEO,2011,0.80491
Georgia,GEO,2012,0.65454
Germany,DEU,1993,0.05545
Germany,DEU,1998,0.77841
Germany,DEU,2006,0.63284
Germany,DEU,2007,0.61238
Germany,DEU,2008,0.59872
Germany,DEU,2009,0.66519
Germany,DEU,2010,0.66656
Germany,DEU,2011,0.63742
Germany,DEU,2012,0.63496
Germany,DEU,2013,0.63424
Germany,DEU,2014,0.63195
Germany,DEU,2015,0.62531
Germany,DEU,2016,0.6254
Germany,DEU,2017,0.63432
Ghana,GHA,1971,1.4649
Ghana,GHA,1972,1.532
Ghana,GHA,1974,1.47969
Ghana,GHA,1975,1.79734
Ghana,GHA,1976,1.13034
Ghana,GHA,1977,1.19292
Ghana,GHA,1979,0.62685
Ghana,GHA,1980,0.75761
Ghana,GHA,1981,0.50204
Ghana,GHA,1982,0.61821
Ghana,GHA,1986,1.10975
Ghana,GHA,1987,0.90362
Ghana,GHA,1988,0.82021
Ghana,GHA,2001,2.22398
Ghana,GHA,2004,2.9918
Ghana,GHA,2005,2.92829
Ghana,GHA,2006,1.94071
Ghana,GHA,2007,1.88931
Ghana,GHA,2008,1.99077
Ghana,GHA,2009,1.76192
Ghana,GHA,2010,1.71019
Ghana,GHA,2011,3.70317
Ghana,GHA,2012,2.55829
Ghana,GHA,2013,1.12316
Ghana,GHA,2014,0.9746
Greece,GRC,1970,0.68257
Greece,GRC,1971,0.66389
Greece,GRC,1973,0.46522
Greece,GRC,1974,0.51155
Greece,GRC,1975,0.50472
Greece,GRC,1976,0.53485
Greece,GRC,1977,0.51253
Greece,GRC,1978,0.61479
Greece,GRC,1981,0.55587
Greece,GRC,1982,0.56993
Greece,GRC,1983,0.54684
Greece,GRC,1984,0.54643
Greece,GRC,1986,0.53695
Greece,GRC,1987,0.52935
Greece,GRC,1988,0.50583
Greece,GRC,1989,0.5431
Greece,GRC,1990,0.55218
Greece,GRC,1991,0.52239
Greece,GRC,2015,1.20533
Greece,GRC,2016,1.21452
Greece,GRC,2017,1.17909
Grenada,GRD,2003,1.42871
Grenada,GRD,2017,0.99403
Guatemala,GTM,1970,1.09848
Guatemala,GTM,1971,1.17689
Guatemala,GTM,1976,0.82753
Guatemala,GTM,1993,0.88253
Guatemala,GTM,1994,0.7612
Guatemala,GTM,1995,0.91753
Guatemala,GTM,1996,0.94268
Guatemala,GTM,2000,1.13161
Guatemala,GTM,2001,1.43607
Guatemala,GTM,2002,1.29921
Guatemala,GTM,2004,0.99286
Guatemala,GTM,2005,1.06495
Guatemala,GTM,2006,2.00381
Guatemala,GTM,2007,1.8839
Guatemala,GTM,2008,1.90403
Guatemala,GTM,2010,1.55721
Guatemala,GTM,2011,1.64761
Guatemala,GTM,2012,1.64309
Guatemala,GTM,2013,1.52236
Guatemala,GTM,2014,1.46694
Guatemala,GTM,2015,1.51261
Guatemala,GTM,2016,1.63331
Guatemala,GTM,2017,1.66703
Guatemala,GTM,2018,1.74632
Guatemala,GTM,2019,1.83717
Guinea,GIN,1991,0.65523
Guinea,GIN,1992,0.72433
Guinea,GIN,1993,0.73118
Guinea,GIN,2008,0.64507
Guinea,GIN,2009,0.92036
Guinea,GIN,2010,0.99253
Guinea,GIN,2011,0.80382
Guinea,GIN,2012,0.79883
Guinea,GIN,2013,1.05732
Guinea,GIN,2014,0.94262
Guinea,GIN,2015,0.97996
Guinea,GIN,2016,1.03109
Guinea,GIN,2017,0.93915
Guinea,GIN,2018,1.42772
Guinea-Bissau,GNB,2010,0.86938
Guinea-Bissau,GNB,2011,0.94093
Guinea-Bissau,GNB,2012,1.12552
Guinea-Bissau,GNB,2013,1.3737
Guyana,GUY,1970,1.72517
Guyana,GUY,1977,2.37441
Guyana,GUY,1979,2.28482
Guyana,GUY,1983,2.82193
Guyana,GUY,1984,2.36302
Guyana,GUY,2002,3.6039
Guyana,GUY,2003,2.69255
Guyana,GUY,2004,1.77206
Guyana,GUY,2006,1.46591
Guyana,GUY,2007,1.27372
Guyana,GUY,2009,1.08089
Guyana,GUY,2010,1.05736
Guyana,GUY,2011,1.02425
Guyana,GUY,2012,0.9724
Haiti,HTI,1981,0.85059
Haiti,HTI,1982,0.77974
Haiti,HTI,1983,0.70451
Haiti,HTI,1984,0.66155
Haiti,HTI,1985,0.59609
Haiti,HTI,1991,0.63281
Honduras,HND,1978,1.13872
Honduras,HND,1979,1.15767
Honduras,HND,1980,1.21301
Honduras,HND,1994,1.2175
Honduras,HND,1995,1.36828
Honduras,HND,2010,3.05496
Honduras,HND,2013,2.87287
Hong Kong,HKG,1971,1.17386
Hong Kong,HKG,1972,1.08623
Hong Kong,HKG,1973,1.15052
Hong Kong,HKG,1974,1.23282
Hong Kong,HKG,1975,1.15069
Hong Kong,HKG,1976,1.13272
Hong Kong,HKG,1977,1.01174
Hong Kong,HKG,1978,0.94512
Hong Kong,HKG,1980,0.73869
Hong Kong,HKG,1981,0.72305
Hong Kong,HKG,1982,0.70401
Hong Kong,HKG,1983,0.83471
Hong Kong,HKG,1984,0.80672
Hong Kong,HKG,1985,0.80451
Hong Kong,HKG,1990,0.66815
Hong Kong,HKG,1992,0.67465
Hong Kong,HKG,1996,0.58034
Hong Kong,HKG,2001,0.91065
Hong Kong,HKG,2002,0.93502
Hong Kong,HKG,2003,1.0019
Hong Kong,HKG,2004,1.04729
Hong Kong,HKG,2005,0.95539
Hong Kong,HKG,2006,0.85332
Hong Kong,HKG,2007,0.74181
Hong Kong,HKG,2008,0.69768
Hong Kong,HKG,2009,0.71514
Hong Kong,HKG,2010,0.73467
Hong Kong,HKG,2011,0.70094
Hong Kong,HKG,2012,0.65456
Hong Kong,HKG,2013,0.65973
Hong Kong,HKG,2014,0.67357
Hong Kong,HKG,2015,0.6831
Hong Kong,HKG,2016,0.7025
Hong Kong,HKG,2017,0.71807
Hong Kong,HKG,2018,0.73453
Hong Kong,HKG,2019,0.75767
Hungary,HUN,1992,2.57297
Hungary,HUN,1993,2.49994
Hungary,HUN,1994,2.44379
Hungary,HUN,1995,0.99896
Hungary,HUN,1996,0.90075
Hungary,HUN,1998,0.86891
Hungary,HUN,1999,0.86456
Hungary,HUN,2000,0.929
Hungary,HUN,2001,0.94049
Hungary,HUN,2002,0.93778
Hungary,HUN,2003,0.97922
Hungary,HUN,2004,1.01257
Hungary,HUN,2005,1.07094
Hungary,HUN,2006,1.03249
Hungary,HUN,2007,0.98021
Hungary,HUN,2008,0.84045
Hungary,HUN,2009,0.83698
Hungary,HUN,2010,0.84948
Hungary,HUN,2011,0.74128
Hungary,HUN,2012,0.72578
Hungary,HUN,2013,0.86182
Hungary,HUN,2014,0.5787
Hungary,HUN,2015,0.74088
Hungary,HUN,2016,0.755
Hungary,HUN,2017,0.66594
Iceland,ISL,1990,2.5737
Iceland,ISL,1993,1.50845
Iceland,ISL,1994,1.4078
Iceland,ISL,1996,1.59611
Iceland,ISL,1999,2.34219
Iceland,ISL,2000,2.38617
Iceland,ISL,2001,2.32198
Iceland,ISL,2002,2.65
Iceland,ISL,2003,2.52969
Iceland,ISL,2004,2.4869
Iceland,ISL,2005,2.57653
Iceland,ISL,2006,2.52861
Iceland,ISL,2007,2.3961
Iceland,ISL,2008,2.37314
Iceland,ISL,2009,2.34267
Iceland,ISL,2010,2.25932
Iceland,ISL,2011,2.29565
Iceland,ISL,2012,2.15385
Iceland,ISL,2013,2.14237
Iceland,ISL,2014,2.23071
Iceland,ISL,2015,2.1508
Iceland,ISL,2016,2.09414
Iceland,ISL,2017,2.22269
India,IND,1999,1.32666
India,IND,2000,1.62428
India,IND,2001,1.47928
India,IND,2003,1.30361
India,IND,2004,1.21949
India,IND,2005,1.13485
India,IND,2006,1.11207
India,IND,2009,0.87468
India,IND,2010,0.8514
India,IND,2011,1.00779
India,IND,2012,1.05246
India,IND,2013,1.09193
Indonesia,IDN,1972,1.10368
Indonesia,IDN,2007,1.47288
Indonesia,IDN,2008,1.42318
Indonesia,IDN,2009,1.69015
Indonesia,IDN,2010,1.24994
Indonesia,IDN,2012,1.423
Indonesia,IDN,2013,1.42625
Indonesia,IDN,2014,1.4361
Indonesia,IDN,2015,1.52661
Iran,IRN,1971,1.34404
Iran,IRN,1972,1.22363
Iran,IRN,1973,1.1729
Iran,IRN,1974,0.98377
Iran,IRN,1975,0.83732
Iran,IRN,1977,1.0014
Iran,IRN,1981,2.9974
Iran,IRN,1982,2.36243
Iran,IRN,1983,1.6317
Iran,IRN,1984,1.41888
Iran,IRN,1985,1.40808
Iran,IRN,1986,1.40727
Iran,IRN,1987,1.69812
Iran,IRN,1988,1.5134
Iran,IRN,1989,1.59743
Iran,IRN,1990,1.46201
Iran,IRN,1991,1.26137
Iran,IRN,1992,1.22875
Iran,IRN,1993,1.3769
Iran,IRN,1995,1.07893
Iran,IRN,1996,1.02947
Iran,IRN,2001,1.05006
Iran,IRN,2002,1.16368
Iran,IRN,2003,1.05587
Iran,IRN,2004,0.99801
Iran,IRN,2005,0.91026
Iran,IRN,2006,1.21806
Iran,IRN,2007,1.31813
Iran,IRN,2008,1.09051
Iran,IRN,2009,0.97634
Iran,IRN,2010,0.91545
Iran,IRN,2011,0.94839
Iran,IRN,2012,0.80502
Iran,IRN,2013,0.80425
Iran,IRN,2014,0.75323
Iran,IRN,2015,0.74786
Iran,IRN,2016,0.97111
Iran,IRN,2017,1.14184
Iran,IRN,2018,1.30822
Iraq,IRQ,1977,1.44105
Iraq,IRQ,1980,1.11203
Iraq,IRQ,1989,1.63969
Ireland,IRL,1971,1.79351
Ireland,IRL,1972,1.77041
Ireland,IRL,1973,1.64775
Ireland,IRL,1974,1.68735
Ireland,IRL,1976,1.59035
Ireland,IRL,1977,1.79602
Ireland,IRL,1978,1.85686
Ireland,IRL,1979,1.90976
Ireland,IRL,1980,1.92397
Ireland,IRL,1981,2.08685
Ireland,IRL,1982,1.98128
Ireland,IRL,1983,1.52017
Ireland,IRL,1984,1.53581
Ireland,IRL,1985,1.51946
Ireland,IRL,1986,1.53198
Ireland,IRL,1987,1.58211
Ireland,IRL,1988,1.43572
Ireland,IRL,1989,1.36615
Ireland,IRL,1990,1.31066
Ireland,IRL,1991,1.36258
Ireland,IRL,1992,1.39962
Ireland,IRL,1993,1.37583
Ireland,IRL,1994,1.34991
Ireland,IRL,1995,1.22745
Ireland,IRL,1996,1.15544
Ireland,IRL,1998,1.40364
Ireland,IRL,1999,1.30901
Ireland,IRL,2000,1.27579
Ireland,IRL,2001,1.30698
Ireland,IRL,2002,1.33537
Ireland,IRL,2003,1.43739
Ireland,IRL,2004,1.50354
Ireland,IRL,2005,1.52153
Ireland,IRL,2006,1.53962
Ireland,IRL,2007,1.65226
Ireland,IRL,2008,1.9576
Ireland,IRL,2009,2.19358
Ireland,IRL,2010,2.13416
Ireland,IRL,2011,2.09247
Ireland,IRL,2012,2.12739
Ireland,IRL,2013,1.93376
Ireland,IRL,2014,1.77823
Ireland,IRL,2015,1.38566
Ireland,IRL,2016,1.38809
Ireland,IRL,2017,1.21354
Israel,ISR,1973,1.76063
Israel,ISR,1974,2.05275
Israel,ISR,1975,2.15103
Israel,ISR,1976,2.0334
Israel,ISR,1977,2.07796
Israel,ISR,1978,2.28288
Israel,ISR,1979,2.39231
Israel,ISR,1980,2.40958
Israel,ISR,1981,2.51625
Israel,ISR,1982,2.34325
Israel,ISR,1983,2.42338
Israel,ISR,1984,2.44863
Israel,ISR,1985,2.91829
Israel,ISR,1986,2.20197
Israel,ISR,1987,1.95347
Israel,ISR,1988,1.58794
Israel,ISR,1989,2.00456
Israel,ISR,1990,1.95161
Israel,ISR,1991,1.97959
Israel,ISR,1992,2.02716
Israel,ISR,1993,2.11534
Israel,ISR,1994,2.30051
Israel,ISR,1998,2.409
Israel,ISR,1999,2.28668
Israel,ISR,2000,2.16752
Israel,ISR,2001,2.32306
Israel,ISR,2002,2.36887
Israel,ISR,2003,2.27908
Israel,ISR,2004,2.19298
Israel,ISR,2005,2.16017
Israel,ISR,2006,2.1479
Israel,ISR,2007,2.08533
Israel,ISR,2008,2.09547
Israel,ISR,2009,2.09652
Israel,ISR,2010,2.27911
Israel,ISR,2011,2.37246
Israel,ISR,2012,2.21517
Israel,ISR,2013,2.21126
Israel,ISR,2014,2.19425
Israel,ISR,2015,2.2695
Israel,ISR,2016,2.27903
Israel,ISR,2017,2.38967
Italy,ITA,1974,1.12113
Italy,ITA,1975,1.11314
Italy,ITA,1976,1.09057
Italy,ITA,1978,1.09317
Italy,ITA,1979,1.16116
Italy,ITA,1983,0.9187
Italy,ITA,1984,1.05663
Italy,ITA,1985,1.02567
Italy,ITA,1986,0.96508
Italy,ITA,1988,1.04235
Italy,ITA,1992,0.9837
Italy,ITA,1993,1.00487
Italy,ITA,1994,1.00846
Italy,ITA,1995,1.01658
Italy,ITA,1996,1.03495
Italy,ITA,1998,1.09636
Italy,ITA,1999,1.16463
Italy,ITA,2000,1.10788
Italy,ITA,2001,1.11968
Italy,ITA,2002,1.14437
Italy,ITA,2003,1.16514
Italy,ITA,2004,1.13135
Italy,ITA,2005,1.04175
Italy,ITA,2006,1.13389
Italy,ITA,2007,1.02973
Italy,ITA,2008,1.10714
Italy,ITA,2009,1.13903
Italy,ITA,2010,1.08257
Italy,ITA,2011,1.01766
Italy,ITA,2012,0.9726
Italy,ITA,2013,1.01095
Italy,ITA,2014,0.99455
Italy,ITA,2015,1.01727
Italy,ITA,2016,0.91371
Italy,ITA,2017,0.98343
Jamaica,JAM,1973,1.81954
Jamaica,JAM,1974,1.94895
Jamaica,JAM,1975,1.88811
Jamaica,JAM,1976,1.87175
Jamaica,JAM,1977,1.79573
Jamaica,JAM,1985,1.71427
Jamaica,JAM,1986,1.50044
Jamaica,JAM,1988,1.51237
Jamaica,JAM,1989,1.72512
Jamaica,JAM,1990,1.25027
Jamaica,JAM,1991,1.63077
Jamaica,JAM,1992,1.10552
Jamaica,JAM,1993,1.06683
Jamaica,JAM,1994,1.44487
Jamaica,JAM,1995,0.89245
Jamaica,JAM,1996,1.07896
Jamaica,JAM,1997,1.32406
Jamaica,JAM,2003,1.55079
Jamaica,JAM,2004,1.27685
Jamaica,JAM,2005,1.5801
Jamaica,JAM,2007,2.02545
Jamaica,JAM,2008,1.87142
Jamaica,JAM,2009,2.05831
Jamaica,JAM,2010,2.31359
Jamaica,JAM,2011,2.22237
Jamaica,JAM,2012,2.27676
Jamaica,JAM,2013,2.26834
Jamaica,JAM,2014,2.19093
Jamaica,JAM,2015,2.00134
Jamaica,JAM,2016,1.90673
Jamaica,JAM,2017,1.99262
Jamaica,JAM,2018,1.84993
Jamaica,JAM,2019,1.81781
Japan,JPN,1971,1.42407
Japan,JPN,1972,1.55101
Japan,JPN,1973,1.60826
Japan,JPN,1974,1.58646
Japan,JPN,1975,1.84558
Japan,JPN,1976,1.93181
Japan,JPN,1977,1.89084
Japan,JPN,1978,1.91335
Japan,JPN,1979,1.96145
Japan,JPN,1980,1.94585
Japan,JPN,1981,1.92261
Japan,JPN,1982,1.85949
Japan,JPN,1983,1.74318
Japan,JPN,1987,1.54576
Japan,JPN,1988,1.5031
Japan,JPN,1989,1.44627
Japan,JPN,1993,1.3063
Japan,JPN,1994,1.30859
Japan,JPN,1995,1.28188
Japan,JPN,1998,1.21417
Japan,JPN,1999,1.2273
Japan,JPN,2000,1.23167
Japan,JPN,2001,1.21714
Japan,JPN,2002,1.23295
Japan,JPN,2003,1.24609
Japan,JPN,2004,1.22856
Japan,JPN,2005,1.20279
Japan,JPN,2006,1.18834
Japan,JPN,2007,1.18094
Japan,JPN,2008,1.1682
Japan,JPN,2010,1.27052
Japan,JPN,2011,1.24252
Japan,JPN,2012,1.23621
Japan,JPN,2013,1.22421
Japan,JPN,2014,1.18783
Japan,JPN,2016,1.11898
Japan,JPN,2017,1.11637
Jordan,JOR,1997,2.31776
Jordan,JOR,1998,1.9914
Jordan,JOR,1999,2.03153
Jordan,JOR,2001,2.15147
Jordan,JOR,2002,2.15451
Jordan,JOR,2003,2.36772
Jordan,JOR,2004,2.16864
Jordan,JOR,2005,2.2645
Jordan,JOR,2006,1.8427
Jordan,JOR,2007,1.7684
Jordan,JOR,2008,1.71722
Jordan,JOR,2009,1.67876
Jordan,JOR,2011,1.63064
Jordan,JOR,2016,1.63448
Jordan,JOR,2017,1.53203
Jordan,JOR,2018,1.51576
Jordan,JOR,2019,1.48978
Kazakhstan,KAZ,2017,0.01943
Kazakhstan,KAZ,2018,0.01721
Kenya,KEN,1971,1.80037
Kenya,KEN,1972,1.99247
Kenya,KEN,1973,2.13124
Kenya,KEN,1974,2.82551
Kenya,KEN,1975,3.20035
Kenya,KEN,1976,3.64408
Kenya,KEN,1977,3.09073
Kenya,KEN,1980,3.22011
Kenya,KEN,1981,3.62322
Kenya,KEN,1982,3.52444
Kenya,KEN,1983,3.2719
Kenya,KEN,1984,2.85014
Kenya,KEN,1985,2.94934
Kenya,KEN,1986,3.45688
Kenya,KEN,1988,3.91748
Kenya,KEN,1989,3.44407
Kenya,KEN,1992,3.12902
Kenya,KEN,1993,2.99918
Kenya,KEN,1994,3.31146
Kenya,KEN,2000,3.53149
Kenya,KEN,2001,3.4405
Kenya,KEN,2003,4.08832
Kenya,KEN,2004,4.22209
Kenya,KEN,2006,3.81458
Kenya,KEN,2011,2.05954
Kenya,KEN,2012,1.88352
Kenya,KEN,2013,1.95614
Kenya,KEN,2014,1.90555
Kenya,KEN,2015,1.91555
Kiribati,KIR,1970,1.56909
Kiribati,KIR,1971,1.87216
Kiribati,KIR,1974,1.65525
Kiribati,KIR,1999,4.67934
Kiribati,KIR,2000,4.3631
Kiribati,KIR,2001,4.11606
Kuwait,KWT,1973,1.0459
Kuwait,KWT,1974,1.7444
Kuwait,KWT,1975,1.10149
Kuwait,KWT,1976,1.50559
Kuwait,KWT,1977,0.88809
Kuwait,KWT,1979,1.89011
Kuwait,KWT,1980,1.95196
Kuwait,KWT,1982,1.88295
Kuwait,KWT,1983,3.63236
Kuwait,KWT,1984,3.41821
Kuwait,KWT,1985,2.55841
Kuwait,KWT,1986,2.68144
Kuwait,KWT,1992,3.81945
Kuwait,KWT,1996,2.06294
Kuwait,KWT,1997,3.82255
Kuwait,KWT,2001,1.23672
Kuwait,KWT,2002,1.2302
Kuwait,KWT,2003,1.21657
Kuwait,KWT,2004,1.04155
Kuwait,KWT,2005,0.93967
Kuwait,KWT,2006,0.76761
Kuwait,KWT,2008,0.85255
Kuwait,KWT,2011,1.30301
Kuwait,KWT,2014,1.02984
Laos,LAO,1992,0.80671
Laos,LAO,1996,1.15084
Laos,LAO,1997,0.89587
Laos,LAO,2002,1.2723
Laos,LAO,2005,1.50959
Laos,LAO,2009,0.64472
Laos,LAO,2010,0.7945
Laos,LAO,2011,0.61374
Laos,LAO,2012,0.79346
Laos,LAO,2013,1.33683
Laos,LAO,2014,1.19401
Latvia,LVA,1998,1.09369
Latvia,LVA,1999,1.11838
Latvia,LVA,2000,1.10551
Latvia,LVA,2001,1.05097
Latvia,LVA,2002,1.0524
Latvia,LVA,2003,0.87111
Latvia,LVA,2004,0.79171
Latvia,LVA,2006,1.19541
Latvia,LVA,2007,1.15601
Latvia,LVA,2008,1.43923
Latvia,LVA,2009,1.56627
Latvia,LVA,2010,1.44516
Latvia,LVA,2011,1.36288
Latvia,LVA,2012,1.85292
Latvia,LVA,2013,2.09563
Latvia,LVA,2014,1.58504
Latvia,LVA,2015,1.5989
Latvia,LVA,2016,1.50901
Latvia,LVA,2017,1.34621
Lebanon,LBN,1993,0.92477
Lebanon,LBN,1994,1.08716
Lebanon,LBN,1995,1.77728
Lebanon,LBN,1996,1.68718
Lesotho,LSO,1972,2.23766
Lesotho,LSO,1974,1.74554
Lesotho,LSO,1983,4.18835
Lesotho,LSO,1984,2.44649
Lesotho,LSO,1985,2.62905
Lesotho,LSO,1988,3.21737
Lesotho,LSO,1989,2.82001
Lesotho,LSO,1993,4.64768
Lesotho,LSO,1994,3.50845
Lesotho,LSO,1995,4.48566
Lesotho,LSO,1997,4.22142
Lesotho,LSO,1999,6.20492
Lesotho,LSO,2000,4.90832
Lesotho,LSO,2001,4.98472
Lesotho,LSO,2005,5.19863
Lesotho,LSO,2006,4.52257
Lesotho,LSO,2008,4.34936
Lesotho,LSO,2018,3.90876
Liberia,LBR,2007,0.55719
Liberia,LBR,2012,0.54597
Liberia,LBR,2015,0.61906
Liberia,LBR,2016,2.12372
Liberia,LBR,2018,1.09535
Liechtenstein,LIE,2003,0.72001
Liechtenstein,LIE,2004,0.70571
Liechtenstein,LIE,2006,0.63733
Liechtenstein,LIE,2007,0.58727
Liechtenstein,LIE,2008,0.63633
Liechtenstein,LIE,2010,1.20111
Liechtenstein,LIE,2011,0.98715
Lithuania,LTU,2003,0.75573
Lithuania,LTU,2004,0.73991
Lithuania,LTU,2005,0.72694
Lithuania,LTU,2006,0.72524
Lithuania,LTU,2007,0.66302
Lithuania,LTU,2008,0.72107
Lithuania,LTU,2009,0.72337
Lithuania,LTU,2010,0.88797
Lithuania,LTU,2011,0.78133
Lithuania,LTU,2012,0.72803
Lithuania,LTU,2013,0.7028
Lithuania,LTU,2014,0.68126
Lithuania,LTU,2015,0.69997
Lithuania,LTU,2016,0.75651
Lithuania,LTU,2017,0.73772
Luxembourg,LUX,1970,0.88345
Luxembourg,LUX,1971,1.04436
Luxembourg,LUX,1972,1.03546
Luxembourg,LUX,1973,0.97818
Luxembourg,LUX,1975,1.29998
Luxembourg,LUX,1976,1.27762
Luxembourg,LUX,1977,1.37725
Luxembourg,LUX,1978,2.40099
Luxembourg,LUX,1979,2.44768
Luxembourg,LUX,1980,2.55371
Luxembourg,LUX,1981,2.55439
Luxembourg,LUX,1982,3.23526
Luxembourg,LUX,1983,1.31468
Luxembourg,LUX,1986,1.33266
Luxembourg,LUX,1987,1.47577
Luxembourg,LUX,1988,1.43595
Luxembourg,LUX,1989,1.35442
Luxembourg,LUX,1995,1.85041
Luxembourg,LUX,1996,1.80733
Luxembourg,LUX,2008,1.11575
Luxembourg,LUX,2009,1.37891
Luxembourg,LUX,2010,1.68385
Luxembourg,LUX,2011,1.66274
Luxembourg,LUX,2012,1.39496
Luxembourg,LUX,2013,1.2747
Luxembourg,LUX,2014,1.23602
Luxembourg,LUX,2015,1.23809
Luxembourg,LUX,2017,1.04796
Macao,MAC,1998,0.97777
Macao,MAC,2000,0.82873
Macao,MAC,2002,0.63067
Macao,MAC,2003,0.6937
Madagascar,MDG,1972,1.35013
Madagascar,MDG,1973,1.27208
Madagascar,MDG,1974,1.15572
Madagascar,MDG,1975,1.06045
Madagascar,MDG,1976,1.32573
Madagascar,MDG,1977,1.54069
Madagascar,MDG,1979,1.54881
Madagascar,MDG,1980,1.1893
Madagascar,MDG,1981,1.22492
Madagascar,MDG,1982,1.061
Madagascar,MDG,1983,0.80269
Madagascar,MDG,1984,0.98455
Madagascar,MDG,1985,0.83914
Madagascar,MDG,1993,0.48311
Madagascar,MDG,1997,0.46189
Madagascar,MDG,1998,0.63979
Madagascar,MDG,2005,1.89663
Madagascar,MDG,2006,1.66048
Madagascar,MDG,2007,1.58778
Madagascar,MDG,2008,1.36841
Madagascar,MDG,2009,1.47703
Madagascar,MDG,2011,1.12096
Madagascar,MDG,2012,1.10835
Malawi,MWI,1971,1.39942
Malawi,MWI,1972,1.19335
Malawi,MWI,1973,1.19724
Malawi,MWI,1974,1.1717
Malawi,MWI,1975,1.1753
Malawi,MWI,1976,1.06381
Malawi,MWI,1986,1.05599
Malawi,MWI,1987,1.29243
Malawi,MWI,1988,1.28089
Malawi,MWI,1989,1.0348
Malawi,MWI,1990,1.31683
Malawi,MWI,1995,1.76785
Malawi,MWI,1996,3.11404
Malawi,MWI,1999,3.25947
Malawi,MWI,2000,2.7715
Malawi,MWI,2001,2.0392
Malawi,MWI,2003,1.76618
Malawi,MWI,2010,1.23045
Malawi,MWI,2011,1.4385
Malawi,MWI,2013,1.98968
Malawi,MWI,2014,2.39467
Malawi,MWI,2015,2.46509
Malawi,MWI,2016,2.08558
Malaysia,MYS,1971,2.03957
Malaysia,MYS,1979,1.84974
Malaysia,MYS,1980,1.95809
Malaysia,MYS,1981,2.14984
Malaysia,MYS,1982,2.27536
Malaysia,MYS,1984,2.06298
Malaysia,MYS,1985,2.11571
Malaysia,MYS,1986,2.57153
Malaysia,MYS,1987,2.27536
Malaysia,MYS,1992,1.76995
Malaysia,MYS,1993,1.55813
Malaysia,MYS,1994,1.64585
Malaysia,MYS,1995,1.24105
Malaysia,MYS,1996,1.54573
Malaysia,MYS,1997,1.29988
Malaysia,MYS,2000,1.62236
Malaysia,MYS,2001,2.08055
Malaysia,MYS,2002,2.38826
Malaysia,MYS,2003,2.1966
Malaysia,MYS,2004,1.75181
Malaysia,MYS,2006,1.24288
Malaysia,MYS,2007,1.30411
Malaysia,MYS,2008,1.54639
Malaysia,MYS,2009,1.65343
Malaysia,MYS,2010,1.41954
Malaysia,MYS,2011,1.68689
Malaysia,MYS,2012,1.92766
Malaysia,MYS,2013,1.76212
Malaysia,MYS,2014,1.68094
Malaysia,MYS,2015,1.62495
Malaysia,MYS,2016,1.60553
Malaysia,MYS,2017,1.57897
Malaysia,MYS,2018,1.52523
Malaysia,MYS,2019,1.51821
Maldives,MDV,2003,2.88183
Maldives,MDV,2004,2.52327
Maldives,MDV,2005,2.71559
Maldives,MDV,2006,2.33849
Maldives,MDV,2008,2.25091
Maldives,MDV,2009,2.50633
Maldives,MDV,2010,1.75054
Maldives,MDV,2011,1.53968
Maldives,MDV,2012,1.51672
Maldives,MDV,2013,1.48886
Maldives,MDV,2014,1.38061
Maldives,MDV,2015,1.73192
Maldives,MDV,2016,1.49214
Maldives,MDV,2019,1.45843
Mali,MLI,1978,1.54071
Mali,MLI,1980,1.33579
Mali,MLI,1981,1.42323
Mali,MLI,1982,1.41139
Mali,MLI,1986,1.17598
Mali,MLI,1998,1.18465
Mali,MLI,1999,0.99789
Mali,MLI,2008,1.32825
Mali,MLI,2009,1.70228
Mali,MLI,2010,0.84535
Mali,MLI,2011,1.4442
Mali,MLI,2012,1.33317
Mali,MLI,2013,1.29606
Mali,MLI,2014,1.57553
Mali,MLI,2015,1.71569
Mali,MLI,2016,1.22539
Mali,MLI,2017,1.6918
Malta,MLT,1973,1.8356
Malta,MLT,1974,1.30627
Malta,MLT,1975,1.32646
Malta,MLT,1976,0.96098
Malta,MLT,1977,0.93297
Malta,MLT,1978,0.93913
Malta,MLT,1979,0.99749
Malta,MLT,1981,0.90633
Malta,MLT,1982,0.8768
Malta,MLT,1983,0.97278
Malta,MLT,1984,0.92899
Malta,MLT,1985,0.91358
Malta,MLT,1986,0.87116
Malta,MLT,1987,0.92487
Malta,MLT,1988,0.7977
Malta,MLT,1989,0.93169
Malta,MLT,1990,0.93253
Malta,MLT,1991,0.89304
Malta,MLT,1992,0.96361
Malta,MLT,1998,1.00851
Malta,MLT,2002,1.03756
Malta,MLT,2004,0.94404
Malta,MLT,2007,1.30276
Malta,MLT,2008,1.28763
Malta,MLT,2009,1.1366
Malta,MLT,2010,1.39733
Malta,MLT,2011,1.15286
Malta,MLT,2012,1.48235
Malta,MLT,2013,1.5941
Malta,MLT,2014,1.51427
Malta,MLT,2015,1.26626
Malta,MLT,2016,0.96104
Malta,MLT,2017,0.95007
Marshall Islands,MHL,2002,3.73267
Mauritania,MRT,1997,0.87448
Mauritania,MRT,1999,0.93828
Mauritania,MRT,2005,0.91317
Mauritania,MRT,2008,1.17264
Mauritania,MRT,2010,1.32063
Mauritania,MRT,2011,1.05066
Mauritania,MRT,2012,1.02008
Mauritania,MRT,2013,0.99102
Mauritania,MRT,2015,1.17632
Mauritania,MRT,2016,1.0868
Mauritania,MRT,2019,0.92774
Mauritius,MUS,1977,2.14286
Mauritius,MUS,1978,2.10033
Mauritius,MUS,1981,2.12376
Mauritius,MUS,1982,2.10598
Mauritius,MUS,1983,2.12367
Mauritius,MUS,1984,1.93763
Mauritius,MUS,1985,1.75836
Mauritius,MUS,1986,1.70237
Mauritius,MUS,1987,1.43858
Mauritius,MUS,1988,1.4718
Mauritius,MUS,1989,1.5999
Mauritius,MUS,1990,1.37615
Mauritius,MUS,1991,1.26876
Mauritius,MUS,2001,1.03333
Mauritius,MUS,2002,0.93443
Mauritius,MUS,2003,1.38671
Mauritius,MUS,2004,1.29126
Mauritius,MUS,2005,1.10785
Mauritius,MUS,2006,0.97041
Mauritius,MUS,2008,0.86975
Mauritius,MUS,2009,0.80622
Mauritius,MUS,2010,0.95754
Mauritius,MUS,2011,0.90311
Mauritius,MUS,2012,0.90288
Mauritius,MUS,2013,0.99329
Mauritius,MUS,2014,1.11528
Mauritius,MUS,2015,1.00763
Mauritius,MUS,2016,1.08519
Mauritius,MUS,2017,1.15798
Mauritius,MUS,2018,1.10356
Mauritius,MUS,2019,1.07125
Mexico,MEX,1989,0.55449
Mexico,MEX,1990,0.60403
Mexico,MEX,1991,0.83849
Mexico,MEX,1992,0.853
Mexico,MEX,1994,1.41651
Mexico,MEX,1995,1.4753
Mexico,MEX,1998,1.19124
Mexico,MEX,1999,1.42655
Mexico,MEX,2000,1.61099
Mexico,MEX,2001,1.67823
Mexico,MEX,2002,1.74478
Mexico,MEX,2003,1.99268
Mexico,MEX,2004,1.89082
Mexico,MEX,2005,1.89365
Mexico,MEX,2006,1.82456
Mexico,MEX,2007,1.79406
Mexico,MEX,2008,1.79348
Mexico,MEX,2009,1.87889
Mexico,MEX,2010,1.85649
Mexico,MEX,2011,1.81263
Mexico,MEX,2012,1.76878
Mexico,MEX,2013,1.77298
Mexico,MEX,2014,1.72325
Mexico,MEX,2015,1.69987
Mexico,MEX,2016,1.59323
Mexico,MEX,2017,1.49102
Moldova,MDA,2007,1.41906
Moldova,MDA,2008,1.42972
Moldova,MDA,2009,1.70088
Moldova,MDA,2010,1.368
Moldova,MDA,2011,1.34629
Moldova,MDA,2012,1.27568
Moldova,MDA,2014,1.42218
Moldova,MDA,2015,1.35745
Moldova,MDA,2016,1.26302
Moldova,MDA,2017,1.2773
Moldova,MDA,2018,1.26921
Monaco,MCO,1988,0.15691
Monaco,MCO,1989,0.16063
Monaco,MCO,1992,0.1552
Monaco,MCO,1995,0.17746
Monaco,MCO,1996,0.18017
Monaco,MCO,1997,0.18574
Monaco,MCO,1998,0.20364
Monaco,MCO,1999,0.206
Monaco,MCO,2000,0.19776
Monaco,MCO,2004,0.19145
Monaco,MCO,2009,0.20389
Monaco,MCO,2010,0.20092
Monaco,MCO,2011,0.18898
Monaco,MCO,2012,0.18255
Monaco,MCO,2013,0.17506
Monaco,MCO,2014,0.16345
Monaco,MCO,2016,0.17413
Mongolia,MNG,2004,1.08437
Mongolia,MNG,2007,1.25292
Mongolia,MNG,2009,1.40862
Mongolia,MNG,2010,1.24935
Mongolia,MNG,2011,1.5088
Mongolia,MNG,2012,0.9556
Mongolia,MNG,2013,1.11528
Mongolia,MNG,2014,1.14825
Mongolia,MNG,2015,1.10442
Mongolia,MNG,2016,1.48939
Mongolia,MNG,2017,1.31719
Montserrat,MSR,1971,3.67709
Montserrat,MSR,1998,1.06917
Montserrat,MSR,2000,0.71053
Montserrat,MSR,2001,0.98471
Montserrat,MSR,2004,0.78695
Montserrat,MSR,2018,1.08069
Morocco,MAR,1973,1.96808
Morocco,MAR,1974,1.74717
Morocco,MAR,1975,1.93074
Morocco,MAR,1976,2.07402
Morocco,MAR,1977,2.08238
Morocco,MAR,1978,2.25681
Morocco,MAR,1979,2.01086
Morocco,MAR,1980,1.73351
Morocco,MAR,1981,1.95785
Morocco,MAR,1982,2.03339
Morocco,MAR,1983,2.01654
Morocco,MAR,1984,1.82447
Morocco,MAR,1985,1.72879
Morocco,MAR,1986,1.80313
Morocco,MAR,1987,1.75827
Morocco,MAR,1988,1.56527
Morocco,MAR,1989,1.71382
Morocco,MAR,1990,1.5039
Morocco,MAR,1991,1.41446
Morocco,MAR,1995,1.64767
Morocco,MAR,1998,2.07147
Morocco,MAR,1999,2.00121
Morocco,MAR,2000,2.17567
Morocco,MAR,2001,2.1016
Morocco,MAR,2002,2.20741
Morocco,MAR,2003,2.1594
Morocco,MAR,2004,2.12819
Morocco,MAR,2005,2.53428
Morocco,MAR,2006,2.1027
Morocco,MAR,2007,1.72973
Morocco,MAR,2008,1.89823
Morocco,MAR,2009,1.9846
Morocco,MAR,2010,2.14939
Morocco,MAR,2011,2.16881
Morocco,MAR,2012,2.25207
Morocco,MAR,2013,2.29122
Mozambique,MOZ,2006,2.23882
Mozambique,MOZ,2012,2.94549
Mozambique,MOZ,2013,3.01159
Myanmar,MMR,1995,0.4958
Myanmar,MMR,2011,0.39756
Myanmar,MMR,2017,0.75111
Myanmar,MMR,2018,0.75628
Myanmar,MMR,2019,0.7019
Namibia,NAM,1999,4.21982
Namibia,NAM,2000,4.11008
Namibia,NAM,2001,4.14304
Namibia,NAM,2002,4.14269
Namibia,NAM,2003,3.96152
Namibia,NAM,2005,2.79178
Namibia,NAM,2006,3.74755
Namibia,NAM,2008,3.08643
Namibia,NAM,2010,3.34095
Namibia,NAM,2014,0.54208
Namibia,NAM,2016,0.61234
Namibia,NAM,2017,0.63039
Nepal,NPL,1998,1.48125
Nepal,NPL,1999,1.39724
Nepal,NPL,2000,1.63721
Nepal,NPL,2001,2.05302
Nepal,NPL,2002,1.86691
Nepal,NPL,2003,1.75871
Nepal,NPL,2008,2.37363
Nepal,NPL,2009,2.93697
Nepal,NPL,2010,2.02291
Nepal,NPL,2011,2.09451
Nepal,NPL,2012,2.04013
Nepal,NPL,2013,1.90359
Nepal,NPL,2014,2.1352
Nepal,NPL,2015,1.99142
Netherlands,NLD,1970,1.28694
Netherlands,NLD,1971,1.27878
Netherlands,NLD,1972,1.46201
Netherlands,NLD,1973,1.30751
Netherlands,NLD,1974,1.29148
Netherlands,NLD,1975,1.39195
Netherlands,NLD,1976,1.34907
Netherlands,NLD,1977,1.33447
Netherlands,NLD,1978,1.35016
Netherlands,NLD,1979,1.29847
Netherlands,NLD,1980,1.23737
Netherlands,NLD,1981,1.20691
Netherlands,NLD,1982,1.18461
Netherlands,NLD,1983,1.07846
Netherlands,NLD,1984,0.90978
Netherlands,NLD,1985,1.51096
Netherlands,NLD,1986,1.51241
Netherlands,NLD,1987,1.40236
Netherlands,NLD,1988,1.37018
Netherlands,NLD,1990,0.99266
Netherlands,NLD,1991,1.00293
Netherlands,NLD,1993,1.07501
Netherlands,NLD,1994,1.05603
Netherlands,NLD,1995,1.05628
Netherlands,NLD,1996,1.0544
Netherlands,NLD,1998,1.12871
Netherlands,NLD,2015,1.1951
Netherlands,NLD,2016,1.16281
Netherlands,NLD,2017,1.14918
New Zealand,NZL,1973,1.6851
New Zealand,NZL,1974,1.70099
New Zealand,NZL,1975,1.84385
New Zealand,NZL,1976,1.85942
New Zealand,NZL,1977,1.5398
New Zealand,NZL,1978,1.56466
New Zealand,NZL,1979,1.62859
New Zealand,NZL,1980,1.56946
New Zealand,NZL,1981,1.55753
New Zealand,NZL,1982,1.65046
New Zealand,NZL,1984,1.55104
New Zealand,NZL,1985,1.35118
New Zealand,NZL,1986,1.25917
New Zealand,NZL,1987,1.375
New Zealand,NZL,1988,1.51049
New Zealand,NZL,1989,1.39673
New Zealand,NZL,1994,1.42274
New Zealand,NZL,1995,1.42878
New Zealand,NZL,1996,1.71017
New Zealand,NZL,1997,1.64938
New Zealand,NZL,2013,1.5429
New Zealand,NZL,2014,1.45917
New Zealand,NZL,2015,1.47259
New Zealand,NZL,2016,1.68073
New Zealand,NZL,2017,1.62862
Nicaragua,NIC,1970,1.31232
Nicaragua,NIC,1971,1.33299
Nicaragua,NIC,1979,1.40403
Nicaragua,NIC,1980,1.24706
Nicaragua,NIC,1982,1.34571
Nicaragua,NIC,1984,1.71905
Nicaragua,NIC,1987,1.90734
Nicaragua,NIC,1992,1.73583
Nicaragua,NIC,2004,1.19795
Nicaragua,NIC,2005,1.33026
Nicaragua,NIC,2006,1.34686
Nicaragua,NIC,2010,1.78525
Niger,NER,1971,0.65212
Niger,NER,1990,0.98077
Niger,NER,1991,1.38957
Niger,NER,1992,1.05026
Niger,NER,1993,1.27229
Niger,NER,1994,1.36571
Niger,NER,1995,1.43842
Niger,NER,1996,1.27473
Niger,NER,2003,1.40663
Niger,NER,2006,1.78119
Niger,NER,2007,2.12393
Niger,NER,2008,1.90087
Niger,NER,2009,2.12809
Niger,NER,2010,1.67366
Niger,NER,2011,1.74864
Niger,NER,2012,1.66701
Niger,NER,2013,1.9782
Niger,NER,2014,2.67582
Niger,NER,2015,2.05753
Niger,NER,2016,1.51519
Niger,NER,2017,1.24221
Nigeria,NGA,1974,0.76963
Nigeria,NGA,1975,0.50099
North Macedonia,MKD,1992,2.71615
North Macedonia,MKD,1993,2.69321
North Macedonia,MKD,1994,2.48038
North Macedonia,MKD,1995,2.34935
North Macedonia,MKD,1996,2.34571
Norway,NOR,1972,3.04209
Norway,NOR,1973,2.88621
Norway,NOR,1974,2.78962
Norway,NOR,1975,2.89847
Norway,NOR,1976,2.95586
Norway,NOR,1977,2.94024
Norway,NOR,1978,3.01983
Norway,NOR,1980,2.73973
Norway,NOR,1981,2.64484
Norway,NOR,1982,2.67854
Norway,NOR,1983,2.61333
Norway,NOR,1984,2.4518
Norway,NOR,1985,2.35721
Norway,NOR,1986,2.47803
Norway,NOR,1987,2.59941
Norway,NOR,1988,2.60088
Norway,NOR,1989,2.67571
Norway,NOR,1990,2.43219
Norway,NOR,1991,2.42302
Norway,NOR,1992,2.40551
Norway,NOR,1994,2.45597
Norway,NOR,1995,2.3845
Norway,NOR,1996,2.31503
Norway,NOR,1997,2.84779
Norway,NOR,1998,1.93867
Norway,NOR,2002,1.8942
Norway,NOR,2003,1.97504
Norway,NOR,2004,1.84279
Norway,NOR,2005,1.71792
Norway,NOR,2006,1.63653
Norway,NOR,2007,1.63376
Norway,NOR,2008,1.58454
Norway,NOR,2009,1.85083
Norway,NOR,2010,1.79901
Norway,NOR,2011,1.67531
Norway,NOR,2012,1.62479
Norway,NOR,2013,1.67207
Norway,NOR,2014,1.66351
Norway,NOR,2015,1.7954
Norway,NOR,2016,1.83405
Norway,NOR,2017,1.85965
Oman,OMN,1974,0.95268
Oman,OMN,1976,1.40394
Oman,OMN,1986,2.01358
Oman,OMN,1987,1.98149
Oman,OMN,1988,1.78542
Oman,OMN,1989,1.57706
Oman,OMN,1990,1.54399
Oman,OMN,1991,1.58829
Oman,OMN,1992,1.6001
Oman,OMN,1993,1.70185
Oman,OMN,1994,1.63018
Oman,OMN,1995,1.60357
Oman,OMN,1996,1.35792
Oman,OMN,1997,1.37411
Oman,OMN,1998,1.60699
Oman,OMN,1999,1.49894
Oman,OMN,2001,1.52521
Oman,OMN,2002,2.02438
Oman,OMN,2004,1.93268
Oman,OMN,2005,1.77745
Oman,OMN,2009,1.38002
Oman,OMN,2010,1.17855
Oman,OMN,2011,1.41879
Oman,OMN,2016,2.62989
Oman,OMN,2019,1.4608
Pakistan,PAK,1971,0.46463
Pakistan,PAK,1972,0.54214
Pakistan,PAK,1973,0.57699
Pakistan,PAK,1974,0.59149
Pakistan,PAK,1975,0.61468
Pakistan,PAK,1976,0.69008
Pakistan,PAK,1977,0.65441
Pakistan,PAK,1978,0.54998
Pakistan,PAK,1979,0.74012
Pakistan,PAK,1980,0.82311
Pakistan,PAK,1981,0.67065
Pakistan,PAK,1982,0.65443
Pakistan,PAK,1983,0.6454
Pakistan,PAK,1984,0.69988
Pakistan,PAK,1985,0.78227
Pakistan,PAK,1986,0.82939
Pakistan,PAK,1987,0.9428
Pakistan,PAK,1989,1.01334
Pakistan,PAK,1990,1.09881
Pakistan,PAK,1991,1.08921
Pakistan,PAK,1992,1.12865
Pakistan,PAK,1993,1.06836
Pakistan,PAK,1994,1.21308
Pakistan,PAK,1995,1.34772
Pakistan,PAK,1996,1.32867
Pakistan,PAK,1997,1.57162
Pakistan,PAK,2013,0.81492
Pakistan,PAK,2014,0.86641
Pakistan,PAK,2015,0.82286
Palau,PLW,2001,3.46156
Panama,PAN,1970,1.53419
Panama,PAN,1971,1.53348
Panama,PAN,1972,1.63355
Panama,PAN,1973,1.52064
Panama,PAN,1974,1.63684
Panama,PAN,1975,1.60555
Panama,PAN,1976,1.71724
Panama,PAN,1977,1.76294
Panama,PAN,1978,1.64327
Panama,PAN,1979,1.71278
Panama,PAN,1980,1.60929
Panama,PAN,1981,1.35495
Panama,PAN,1982,1.19072
Panama,PAN,1983,1.29891
Panama,PAN,1984,1.39755
Panama,PAN,1985,1.3752
Panama,PAN,1986,1.422
Panama,PAN,1987,1.46779
Panama,PAN,1994,1.08909
Panama,PAN,1995,1.19941
Panama,PAN,1996,1.21596
Panama,PAN,1997,1.2154
Panama,PAN,1999,1.75467
Panama,PAN,2000,1.79059
Panama,PAN,2001,1.37162
Panama,PAN,2002,1.34508
Panama,PAN,2004,1.2353
Panama,PAN,2007,1.53968
Panama,PAN,2011,0.74145
Papua New Guinea,PNG,1972,1.36222
Papua New Guinea,PNG,1977,2.22209
Paraguay,PRY,1970,1.30353
Paraguay,PRY,1971,1.50272
Paraguay,PRY,1985,0.45328
Paraguay,PRY,1990,0.45672
Paraguay,PRY,2000,1.96297
Paraguay,PRY,2001,1.81199
Paraguay,PRY,2002,1.59746
Paraguay,PRY,2003,1.57108
Paraguay,PRY,2004,1.33801
Paraguay,PRY,2007,1.07426
Paraguay,PRY,2010,1.06776
Paraguay,PRY,2011,1.11814
Paraguay,PRY,2012,1.40299
Paraguay,PRY,2016,1.25281
Peru,PER,1973,1.26861
Peru,PER,1996,0.95623
Peru,PER,1998,1.32072
Peru,PER,1999,1.42278
Peru,PER,2000,1.35125
Peru,PER,2001,1.18355
Peru,PER,2002,1.04542
Peru,PER,2003,1.05624
Peru,PER,2004,1.10094
Peru,PER,2005,1.0105
Peru,PER,2006,1.07288
Peru,PER,2007,1.07507
Peru,PER,2008,1.16079
Peru,PER,2009,1.26786
Peru,PER,2010,1.14292
Peru,PER,2011,1.03425
Peru,PER,2012,1.07009
Peru,PER,2013,1.30871
Peru,PER,2014,1.42186
Peru,PER,2015,1.4484
Peru,PER,2016,1.32854
Peru,PER,2017,1.31644
Peru,PER,2018,1.26159
Peru,PER,2019,1.25617
Philippines,PHL,1980,1.01395
Philippines,PHL,1982,1.03669
Philippines,PHL,1983,1.02976
Philippines,PHL,1986,0.99021
Philippines,PHL,1995,1.80577
Philippines,PHL,1996,1.76415
Philippines,PHL,1997,2.09066
Philippines,PHL,2000,1.91316
Philippines,PHL,2001,1.76786
Philippines,PHL,2002,1.66355
Philippines,PHL,2003,1.73373
Philippines,PHL,2004,1.34168
Philippines,PHL,2005,1.21046
Philippines,PHL,2007,1.25427
Philippines,PHL,2008,1.30784
Philippines,PHL,2009,1.39514
Poland,POL,2002,1.81969
Poland,POL,2003,1.77977
Poland,POL,2004,1.68803
Poland,POL,2005,1.67986
Poland,POL,2006,1.69349
Poland,POL,2007,1.57184
Poland,POL,2008,1.56494
Poland,POL,2009,1.54878
Poland,POL,2010,1.57291
Poland,POL,2011,1.48029
Poland,POL,2012,1.4663
Poland,POL,2013,1.49689
Poland,POL,2014,1.54217
Poland,POL,2015,1.48444
Poland,POL,2016,1.47075
Poland,POL,2017,1.43942
Portugal,PRT,1973,0.58314
Portugal,PRT,1974,0.80727
Portugal,PRT,1975,1.69429
Portugal,PRT,1976,1.34438
Portugal,PRT,1978,1.48497
Portugal,PRT,1979,1.38333
Portugal,PRT,1980,1.6446
Portugal,PRT,1981,1.68298
Portugal,PRT,1982,1.74959
Portugal,PRT,1983,1.69227
Portugal,PRT,1984,1.61352
Portugal,PRT,1985,1.56394
Portugal,PRT,1986,1.45692
Portugal,PRT,1987,1.4867
Portugal,PRT,1988,1.52449
Portugal,PRT,1989,1.46825
Portugal,PRT,1990,1.48336
Portugal,PRT,1991,1.61244
Portugal,PRT,1992,1.57458
Portugal,PRT,1993,1.73864
Portugal,PRT,1994,1.55723
Portugal,PRT,1995,1.53856
Portugal,PRT,1996,1.52973
Portugal,PRT,1999,1.49049
Portugal,PRT,2000,1.54615
Portugal,PRT,2001,1.61758
Portugal,PRT,2002,1.62879
Portugal,PRT,2003,1.60448
Portugal,PRT,2004,1.57734
Portugal,PRT,2005,1.55467
Portugal,PRT,2006,1.48073
Portugal,PRT,2007,1.37311
Portugal,PRT,2008,1.35347
Portugal,PRT,2009,1.50289
Portugal,PRT,2010,1.45982
Portugal,PRT,2011,1.41814
Portugal,PRT,2012,1.41401
Portugal,PRT,2013,1.56457
Portugal,PRT,2014,1.5315
Portugal,PRT,2015,1.41499
Portugal,PRT,2017,1.47507
Puerto Rico,PRI,1971,5.55485
Puerto Rico,PRI,1972,5.66344
Puerto Rico,PRI,1973,5.04103
Puerto Rico,PRI,1974,4.55618
Puerto Rico,PRI,1975,4.1516
Puerto Rico,PRI,1976,4.91941
Puerto Rico,PRI,1977,4.4772
Puerto Rico,PRI,1978,4.78288
Puerto Rico,PRI,2013,1.40253
Puerto Rico,PRI,2014,1.33622
Qatar,QAT,1971,1.31327
Qatar,QAT,1972,1.15586
Qatar,QAT,1973,1.19021
Qatar,QAT,1976,0.65713
Qatar,QAT,1977,0.67735
Qatar,QAT,1978,1.33464
Qatar,QAT,2009,0.60203
Romania,ROU,1996,1.18022
Romania,ROU,2003,0.56381
Romania,ROU,2004,0.4626
Romania,ROU,2005,0.482
Romania,ROU,2006,0.88396
Romania,ROU,2007,0.82554
Romania,ROU,2008,0.77409
Romania,ROU,2009,0.73726
Romania,ROU,2010,0.57352
Romania,ROU,2011,0.48346
Romania,ROU,2012,0.47016
Romania,ROU,2013,0.50296
Romania,ROU,2014,0.4289
Romania,ROU,2015,0.41363
Romania,ROU,2016,0.37162
Romania,ROU,2017,0.38146
Rwanda,RWA,1978,1.47172
Rwanda,RWA,1979,1.49618
Rwanda,RWA,1980,1.72754
Rwanda,RWA,1981,3.28283
Rwanda,RWA,1987,2.18514
Rwanda,RWA,1988,2.07994
Rwanda,RWA,1989,2.38898
Rwanda,RWA,2000,1.97294
Rwanda,RWA,2005,1.77067
Rwanda,RWA,2007,1.83788
Rwanda,RWA,2008,1.59123
Rwanda,RWA,2010,1.69553
Rwanda,RWA,2011,1.3908
Rwanda,RWA,2012,1.59628
Rwanda,RWA,2013,1.42179
Rwanda,RWA,2015,1.1865
Rwanda,RWA,2016,1.18346
Rwanda,RWA,2018,0.878
Saint Kitts and Nevis,KNA,1985,1.95413
Saint Kitts and Nevis,KNA,1987,1.07064
Saint Kitts and Nevis,KNA,1989,0.89381
Saint Kitts and Nevis,KNA,1991,0.7836
Saint Kitts and Nevis,KNA,1992,0.68801
Saint Kitts and Nevis,KNA,1995,0.86401
Saint Kitts and Nevis,KNA,1998,1.9817
Saint Kitts and Nevis,KNA,2015,0.56522
Saint Lucia,LCA,1982,3.15576
Saint Lucia,LCA,1986,2.12211
Saint Lucia,LCA,1994,2.13415
Saint Lucia,LCA,1999,3.32786
Saint Lucia,LCA,2003,1.66876
Saint Lucia,LCA,2004,1.62248
Saint Lucia,LCA,2009,1.31243
Saint Lucia,LCA,2010,1.47253
Saint Lucia,LCA,2011,1.51799
Saint Lucia,LCA,2012,1.31805
Saint Lucia,LCA,2013,1.43113
Saint Lucia,LCA,2014,1.37936
Saint Lucia,LCA,2015,1.32193
Saint Lucia,LCA,2016,1.37391
Saint Lucia,LCA,2017,1.28423
Saint Lucia,LCA,2018,1.16843
Saint Vincent and the Grenadines,VCT,1986,3.24141
Saint Vincent and the Grenadines,VCT,1989,3.1305
Saint Vincent and the Grenadines,VCT,1991,2.62101
Saint Vincent and the Grenadines,VCT,1998,2.56186
Saint Vincent and the Grenadines,VCT,2000,3.84953
Saint Vincent and the Grenadines,VCT,2003,3.38864
Saint Vincent and the Grenadines,VCT,2005,2.60167
Saint Vincent and the Grenadines,VCT,2007,2.94493
Saint Vincent and the Grenadines,VCT,2009,2.38399
Saint Vincent and the Grenadines,VCT,2010,2.10441
Saint Vincent and the Grenadines,VCT,2011,2.16193
Saint Vincent and the Grenadines,VCT,2013,2.17854
Saint Vincent and the Grenadines,VCT,2014,2.2503
Saint Vincent and the Grenadines,VCT,2015,2.0479
Saint Vincent and the Grenadines,VCT,2016,2.15079
Saint Vincent and the Grenadines,VCT,2017,2.09779
Saint Vincent and the Grenadines,VCT,2018,2.10094
Samoa,WSM,1999,1.28739
Samoa,WSM,2000,1.13244
Samoa,WSM,2001,1.3866
Samoa,WSM,2002,1.75883
Samoa,WSM,2016,1.54206
San Marino,SMR,2010,0.83322
San Marino,SMR,2011,0.90067
San Marino,SMR,2017,1.16068
San Marino,SMR,2018,1.2252
Sao Tome and Principe,STP,2012,3.26637
Sao Tome and Principe,STP,2013,3.16563
Sao Tome and Principe,STP,2014,2.0925
Saudi Arabia,SAU,2007,2.22571
Senegal,SEN,1998,1.00826
Senegal,SEN,2005,1.69651
Senegal,SEN,2006,1.70767
Senegal,SEN,2008,1.79118
Senegal,SEN,2009,2.3147
Senegal,SEN,2010,2.23949
Senegal,SEN,2011,2.01725
Senegal,SEN,2012,1.99035
Senegal,SEN,2013,2.01861
Senegal,SEN,2014,1.99382
Senegal,SEN,2015,1.86399
Senegal,SEN,2016,1.60129
Senegal,SEN,2018,1.53079
Serbia,SRB,2007,2.02544
Serbia,SRB,2008,2.09834
Serbia,SRB,2009,2.1136
Serbia,SRB,2010,1.98454
Serbia,SRB,2011,1.91813
Serbia,SRB,2015,1.71792
Seychelles,SYC,1970,1.79492
Seychelles,SYC,1971,2.4166
Seychelles,SYC,1972,1.57029
Seychelles,SYC,1974,2.41911
Seychelles,SYC,1975,2.32697
Seychelles,SYC,1976,2.25878
Seychelles,SYC,1984,4.05589
Seychelles,SYC,1985,3.04971
Seychelles,SYC,1986,2.68653
Seychelles,SYC,1988,2.49082
Seychelles,SYC,1989,2.64881
Seychelles,SYC,1994,1.7638
Seychelles,SYC,1995,2.8867
Seychelles,SYC,1996,1.77354
Seychelles,SYC,1998,1.06344
Seychelles,SYC,2002,1.66249
Seychelles,SYC,2003,1.7641
Seychelles,SYC,2011,0.8641
Seychelles,SYC,2012,1.01202
Seychelles,SYC,2013,1.24047
Seychelles,SYC,2014,1.52877
Seychelles,SYC,2016,1.35154
Sierra Leone,SLE,2007,1.3315
Sierra Leone,SLE,2008,1.21064
Sierra Leone,SLE,2009,1.35824
Sierra Leone,SLE,2010,1.31304
Sierra Leone,SLE,2011,1.40269
Sierra Leone,SLE,2012,1.42257
Sierra Leone,SLE,2013,1.16273
Sierra Leone,SLE,2014,1.14757
Sierra Leone,SLE,2016,1.09112
Sierra Leone,SLE,2017,0.9451
Sierra Leone,SLE,2018,2.16852
Sierra Leone,SLE,2019,2.99333
Singapore,SGP,1971,1.314
Singapore,SGP,1972,1.16336
Singapore,SGP,1973,0.95364
Singapore,SGP,1974,0.89634
Singapore,SGP,1975,0.9747
Singapore,SGP,1976,1.0186
Singapore,SGP,1977,0.98442
Singapore,SGP,1978,0.9191
Singapore,SGP,1979,0.90619
Singapore,SGP,1980,0.96418
Singapore,SGP,1981,0.94951
Singapore,SGP,1982,1.07321
Singapore,SGP,1983,1.29854
Singapore,SGP,1988,1.00901
Singapore,SGP,2008,0.6212
Singapore,SGP,2009,0.65087
Singapore,SGP,2010,0.64166
Singapore,SGP,2011,0.61349
Singapore,SGP,2012,0.63153
Singapore,SGP,2013,0.62749
Singapore,SGP,2016,0.66093
Singapore,SGP,2017,0.73889
Singapore,SGP,2018,0.72789
Slovakia,SVK,1992,1.51773
Slovakia,SVK,1993,1.22795
Slovakia,SVK,1994,1.05312
Slovakia,SVK,1995,1.30239
Slovakia,SVK,1996,1.28163
Slovakia,SVK,1997,1.4503
Slovakia,SVK,1999,0.58685
Slovakia,SVK,2000,0.60448
Slovakia,SVK,2001,0.58619
Slovakia,SVK,2002,0.58288
Slovakia,SVK,2003,0.62935
Slovakia,SVK,2004,0.54952
Slovakia,SVK,2005,0.64446
Slovakia,SVK,2006,0.65255
Slovakia,SVK,2007,0.65022
Slovakia,SVK,2008,0.63348
Slovakia,SVK,2009,0.7372
Slovakia,SVK,2010,0.84364
Slovakia,SVK,2011,0.74842
Slovakia,SVK,2012,0.72601
Slovakia,SVK,2013,0.80135
Slovakia,SVK,2014,0.80423
Slovakia,SVK,2015,0.87965
Slovakia,SVK,2016,0.86902
Slovakia,SVK,2017,0.88245
Slovenia,SVN,1991,1.04809
Slovenia,SVN,1992,1.1769
Slovenia,SVN,1993,1.19844
Slovenia,SVN,1994,1.10284
Slovenia,SVN,1995,0.96857
Slovenia,SVN,2001,1.11242
Slovenia,SVN,2002,1.18661
Slovenia,SVN,2003,1.24124
Slovenia,SVN,2010,1.58196
Slovenia,SVN,2011,1.55649
Slovenia,SVN,2012,1.56114
Slovenia,SVN,2013,1.50997
Slovenia,SVN,2014,1.49431
Slovenia,SVN,2015,1.39119
Slovenia,SVN,2016,1.38124
Slovenia,SVN,2017,1.36659
Solomon Islands,SLB,1971,1.15682
Solomon Islands,SLB,1991,1.55019
Somalia,SOM,1972,0.54977
Somalia,SOM,1973,0.55952
South Africa,ZAF,1999,2.64349
South Africa,ZAF,2000,2.50038
South Africa,ZAF,2001,2.2834
South Africa,ZAF,2002,2.23663
South Africa,ZAF,2003,2.02843
South Africa,ZAF,2004,2.05018
South Africa,ZAF,2005,2.17453
South Africa,ZAF,2006,2.28804
South Africa,ZAF,2007,2.10364
South Africa,ZAF,2008,1.9821
South Africa,ZAF,2009,2.15693
South Africa,ZAF,2010,2.42962
South Africa,ZAF,2011,2.41457
South Africa,ZAF,2012,2.54331
South Africa,ZAF,2014,2.34581
South Africa,ZAF,2017,2.37714
South Africa,ZAF,2018,2.38651
South Africa,ZAF,2019,2.43904
South Korea,KOR,1970,2.30584
South Korea,KOR,1971,2.47929
South Korea,KOR,1972,1.96359
South Korea,KOR,1973,1.69101
South Korea,KOR,1975,1.09019
South Korea,KOR,1976,1.75003
South Korea,KOR,1977,1.42637
South Korea,KOR,1979,1.68824
South Korea,KOR,1980,1.65729
South Korea,KOR,1981,1.83237
South Korea,KOR,1982,2.20934
South Korea,KOR,1983,1.99552
South Korea,KOR,1984,1.83861
South Korea,KOR,1985,1.78084
South Korea,KOR,1986,1.61983
South Korea,KOR,1987,1.4859
South Korea,KOR,1988,1.45592
South Korea,KOR,1989,1.43699
South Korea,KOR,1990,1.32625
South Korea,KOR,1991,1.50528
South Korea,KOR,1992,1.51034
South Korea,KOR,1993,1.50629
South Korea,KOR,1994,1.34366
South Korea,KOR,1995,1.30595
South Korea,KOR,1998,1.33336
South Korea,KOR,1999,1.39571
South Korea,KOR,2016,1.37358
South Sudan,SSD,2011,0.60236
South Sudan,SSD,2013,0.63957
South Sudan,SSD,2014,0.7091
South Sudan,SSD,2015,0.78804
South Sudan,SSD,2016,0.56135
Spain,ESP,1970,0.94903
Spain,ESP,1971,0.84626
Spain,ESP,1972,1.10372
Spain,ESP,1976,1.16898
Spain,ESP,1977,1.28232
Spain,ESP,1978,1.18533
Spain,ESP,1979,1.35547
Spain,ESP,1987,0.93474
Spain,ESP,1988,0.93287
Spain,ESP,1989,0.94052
Spain,ESP,1990,0.89366
Spain,ESP,1991,0.86772
Spain,ESP,1992,0.8873
Spain,ESP,1993,0.89852
Spain,ESP,1994,0.95499
Spain,ESP,1995,1.01673
Spain,ESP,1996,1.09657
Spain,ESP,1998,1.10724
Spain,ESP,1999,1.13009
Spain,ESP,2000,1.07593
Spain,ESP,2001,1.07261
Spain,ESP,2002,1.06748
Spain,ESP,2003,1.07328
Spain,ESP,2004,1.08033
Spain,ESP,2005,1.06817
Spain,ESP,2006,1.0758
Spain,ESP,2007,1.08125
Spain,ESP,2008,1.14958
Spain,ESP,2009,1.24293
Spain,ESP,2010,1.24047
Spain,ESP,2011,1.2509
Spain,ESP,2012,1.15974
Spain,ESP,2013,1.1365
Spain,ESP,2014,1.13298
Spain,ESP,2015,1.14204
Spain,ESP,2016,1.13874
Spain,ESP,2017,1.13227
Sri Lanka,LKA,1973,1.13644
Sri Lanka,LKA,2009,0.58185
Sri Lanka,LKA,2010,0.43024
Sri Lanka,LKA,2011,0.43792
Sri Lanka,LKA,2012,0.35753
Sri Lanka,LKA,2013,0.37271
Sri Lanka,LKA,2014,0.55416
Sri Lanka,LKA,2015,0.63085
Sri Lanka,LKA,2016,1.20366
Sri Lanka,LKA,2017,0.93434
Sri Lanka,LKA,2018,0.6342
Sweden,SWE,1979,2.69531
Sweden,SWE,1980,2.35613
Sweden,SWE,1981,3.26984
Sweden,SWE,1990,2.68225
Sweden,SWE,1991,2.9681
Sweden,SWE,1992,2.76333
Sweden,SWE,1993,2.68947
Sweden,SWE,1995,1.61141
Sweden,SWE,1996,1.83502
Sweden,SWE,1998,1.85949
Sweden,SWE,1999,1.81612
Sweden,SWE,2000,1.88011
Sweden,SWE,2001,1.80846
Sweden,SWE,2002,1.93809
Sweden,SWE,2003,1.87106
Sweden,SWE,2004,1.79281
Sweden,SWE,2005,1.70715
Sweden,SWE,2006,1.58483
Sweden,SWE,2007,1.54577
Sweden,SWE,2008,1.56137
Sweden,SWE,2009,1.62497
Sweden,SWE,2010,1.58414
Sweden,SWE,2011,1.54458
Sweden,SWE,2012,1.65693
Sweden,SWE,2013,1.70339
Sweden,SWE,2014,1.72531
Sweden,SWE,2015,1.73769
Sweden,SWE,2016,1.83654
Sweden,SWE,2017,1.89126
Switzerland,CHE,1970,1.20273
Switzerland,CHE,1971,1.05236
Switzerland,CHE,1972,1.07067
Switzerland,CHE,1973,1.14727
Switzerland,CHE,1974,1.18081
Switzerland,CHE,1990,2.10178
Switzerland,CHE,1991,2.24737
Switzerland,CHE,1993,1.42931
Switzerland,CHE,1994,1.41036
Switzerland,CHE,1995,1.41752
Switzerland,CHE,1996,1.39175
Switzerland,CHE,1998,1.59006
Switzerland,CHE,1999,1.55759
Switzerland,CHE,2000,1.5023
Switzerland,CHE,2001,1.56293
Switzerland,CHE,2002,1.6482
Switzerland,CHE,2003,1.65569
Switzerland,CHE,2004,1.63483
Switzerland,CHE,2005,1.54486
Switzerland,CHE,2006,1.45054
Switzerland,CHE,2007,1.37745
Switzerland,CHE,2008,1.23166
Switzerland,CHE,2009,1.40788
Switzerland,CHE,2010,1.37781
Switzerland,CHE,2011,1.43684
Switzerland,CHE,2012,1.47642
Switzerland,CHE,2013,1.49684
Switzerland,CHE,2014,1.49393
Switzerland,CHE,2015,1.45487
Switzerland,CHE,2016,1.47773
Switzerland,CHE,2017,1.49526
Syria,SYR,1972,1.48122
Syria,SYR,1973,1.50095
Syria,SYR,1975,1.45638
Syria,SYR,1976,2.11067
Syria,SYR,1977,2.20394
Syria,SYR,1978,2.37114
Syria,SYR,1979,2.09794
Syria,SYR,1980,1.77001
Syria,SYR,1981,2.20432
Syria,SYR,1982,2.41551
Syria,SYR,1984,2.63955
Syria,SYR,1985,2.5733
Syria,SYR,1986,2.62681
Syria,SYR,1987,2.11213
Syria,SYR,1988,1.65706
Syria,SYR,1989,1.94933
Syria,SYR,1992,1.8026
Syria,SYR,1994,2.28551
Syria,SYR,1995,1.78834
Syria,SYR,1996,1.61396
Syria,SYR,1997,1.58484
Syria,SYR,1998,1.70326
Syria,SYR,1999,1.90182
Syria,SYR,2000,2.1248
Syria,SYR,2002,2.23975
Syria,SYR,2007,2.08572
Syria,SYR,2009,1.99423
Syria,SYR,2012,2.10944
Syria,SYR,2015,2.06836
Tanzania,TZA,1989,1.14251
Tanzania,TZA,1990,0.88852
Tanzania,TZA,2004,2.1999
Tanzania,TZA,2005,1.98673
Tanzania,TZA,2006,1.58549
Tanzania,TZA,2007,1.98317
Tanzania,TZA,2008,1.90174
Tanzania,TZA,2009,1.6598
Tanzania,TZA,2014,1.66368
Thailand,THA,1971,1.52785
Thailand,THA,1972,1.61802
Thailand,THA,1973,1.39067
Thailand,THA,1974,1.13937
Thailand,THA,1975,1.28706
Thailand,THA,1976,1.72589
Thailand,THA,1977,1.86064
Thailand,THA,1979,1.57476
Thailand,THA,1980,1.43746
Thailand,THA,1981,1.60674
Thailand,THA,1982,1.75447
Thailand,THA,1983,1.97478
Thailand,THA,1984,2.01146
Thailand,THA,1986,1.99012
Thailand,THA,1987,1.82474
Thailand,THA,1988,1.60174
Thailand,THA,1989,1.42747
Thailand,THA,1991,1.59126
Thailand,THA,1992,1.50881
Thailand,THA,1994,1.613
Thailand,THA,1995,1.42948
Thailand,THA,1996,1.55665
Thailand,THA,1997,1.39282
Thailand,THA,1998,1.2262
Thailand,THA,2000,1.69312
Thailand,THA,2001,1.54511
Thailand,THA,2004,1.24817
Thailand,THA,2008,1.58372
Thailand,THA,2009,1.78183
Thailand,THA,2010,1.40636
Thailand,THA,2011,2.42425
Thailand,THA,2012,2.0316
Thailand,THA,2013,1.69522
Togo,TGO,1970,1.35676
Togo,TGO,1979,1.63803
Togo,TGO,1981,1.45592
Togo,TGO,1984,1.97308
Togo,TGO,1987,1.51598
Togo,TGO,1992,1.87096
Togo,TGO,1996,2.15353
Togo,TGO,1998,1.77888
Togo,TGO,1999,1.58666
Togo,TGO,2000,1.90514
Togo,TGO,2001,1.86049
Togo,TGO,2002,1.75344
Togo,TGO,2003,1.63248
Togo,TGO,2004,1.33078
Togo,TGO,2005,1.32011
Togo,TGO,2006,1.15504
Togo,TGO,2007,1.42967
Togo,TGO,2008,1.44567
Togo,TGO,2009,1.9418
Togo,TGO,2010,2.11683
Togo,TGO,2011,2.10314
Togo,TGO,2012,3.00282
Togo,TGO,2013,2.59154
Togo,TGO,2014,2.82036
Togo,TGO,2015,3.29365
Togo,TGO,2016,3.1747
Tonga,TON,1984,3.92694
Tonga,TON,1998,1.59184
Tonga,TON,2002,1.86446
Tonga,TON,2003,1.57096
Tonga,TON,2004,1.73666
Trinidad and Tobago,TTO,1980,1.3872
Trinidad and Tobago,TTO,1982,2.36365
Trinidad and Tobago,TTO,1983,2.34075
Trinidad and Tobago,TTO,1984,2.41208
Trinidad and Tobago,TTO,1985,2.46956
Trinidad and Tobago,TTO,1989,1.79422
Trinidad and Tobago,TTO,1990,1.56037
Trinidad and Tobago,TTO,2000,1.38452
Trinidad and Tobago,TTO,2001,1.3874
Trinidad and Tobago,TTO,2002,1.71037
Trinidad and Tobago,TTO,2003,1.229
Trinidad and Tobago,TTO,2007,0.85347
Trinidad and Tobago,TTO,2008,1.03178
Trinidad and Tobago,TTO,2009,1.49645
Tunisia,TUN,1980,1.95261
Tunisia,TUN,1981,1.86877
Tunisia,TUN,1982,2.06465
Tunisia,TUN,1983,2.09287
Tunisia,TUN,1984,2.20342
Tunisia,TUN,1985,2.30056
Tunisia,TUN,1986,2.5104
Tunisia,TUN,1993,2.70886
Tunisia,TUN,1994,2.80094
Tunisia,TUN,1996,2.51571
Tunisia,TUN,1997,2.30214
Tunisia,TUN,1999,2.16308
Tunisia,TUN,2000,2.06615
Tunisia,TUN,2001,2.05566
Tunisia,TUN,2002,1.90265
Tunisia,TUN,2003,2.3845
Tunisia,TUN,2004,2.36887
Tunisia,TUN,2005,2.21141
Tunisia,TUN,2008,1.73487
Turkey,TUR,1978,1.9548
Turkey,TUR,1979,1.39763
Turkey,TUR,1981,0.94045
Turkey,TUR,1982,0.70598
Turkey,TUR,1983,1.09697
Turkey,TUR,1984,0.92849
Turkey,TUR,1985,0.78591
Turkey,TUR,1986,0.6958
Turkey,TUR,1987,0.69075
Turkey,TUR,1988,0.76665
Turkey,TUR,1989,0.73261
Turkey,TUR,1990,1.22742
Turkey,TUR,1991,1.37727
Turkey,TUR,1992,1.60604
Turkey,TUR,1993,1.68528
Turkey,TUR,1994,1.44249
Turkey,TUR,1995,0.96876
Turks and Caicos Islands,TCA,2000,1.62098
Turks and Caicos Islands,TCA,2001,1.66553
Turks and Caicos Islands,TCA,2002,1.07052
Turks and Caicos Islands,TCA,2003,1.02234
Turks and Caicos Islands,TCA,2005,0.76235
Turks and Caicos Islands,TCA,2015,1.13992
Turks and Caicos Islands,TCA,2018,0.56559
Tuvalu,TUV,1990,2.71561
Tuvalu,TUV,1997,2.09753
Uganda,UGA,1971,1.32822
Uganda,UGA,1973,1.2939
Uganda,UGA,1974,1.29072
Uganda,UGA,1975,1.00802
Uganda,UGA,1976,1.02703
Uganda,UGA,1982,0.36566
Uganda,UGA,1983,0.28358
Uganda,UGA,1984,0.638
Uganda,UGA,1985,1.32919
Uganda,UGA,1988,1.01161
Uganda,UGA,2004,3.03136
Uganda,UGA,2010,0.82319
Uganda,UGA,2011,1.31775
Uganda,UGA,2012,1.05067
Uganda,UGA,2013,1.07967
Uganda,UGA,2014,1.14191
Ukraine,UKR,1997,3.00016
Ukraine,UKR,2011,0.96224
Ukraine,UKR,2012,1.12553
Ukraine,UKR,2013,1.16518
Ukraine,UKR,2014,1.05946
Ukraine,UKR,2016,0.9839
Ukraine,UKR,2017,1.17327
United Arab Emirates,ARE,1998,0.56422
United Kingdom,GBR,1971,1.32413
United Kingdom,GBR,1972,1.26356
United Kingdom,GBR,1973,1.34599
United Kingdom,GBR,1974,1.34107
United Kingdom,GBR,1975,1.58534
United Kingdom,GBR,1976,1.81287
United Kingdom,GBR,1977,1.69718
United Kingdom,GBR,1980,1.37149
United Kingdom,GBR,1981,1.39903
United Kingdom,GBR,1982,1.21449
United Kingdom,GBR,1983,1.16582
United Kingdom,GBR,1984,1.08173
United Kingdom,GBR,1985,1.04022
United Kingdom,GBR,1986,1.08459
United Kingdom,GBR,1987,1.12646
United Kingdom,GBR,1988,1.12114
United Kingdom,GBR,1989,1.09953
United Kingdom,GBR,1990,1.08435
United Kingdom,GBR,1991,1.12625
United Kingdom,GBR,1992,1.18525
United Kingdom,GBR,1994,1.47202
United Kingdom,GBR,1995,1.47263
United Kingdom,GBR,1996,1.30093
United Kingdom,GBR,1998,0.99548
United Kingdom,GBR,1999,0.97691
United Kingdom,GBR,2000,0.99616
United Kingdom,GBR,2001,1.02937
United Kingdom,GBR,2002,1.09611
United Kingdom,GBR,2003,1.2241
United Kingdom,GBR,2004,1.24153
United Kingdom,GBR,2005,1.30714
United Kingdom,GBR,2006,1.46795
United Kingdom,GBR,2007,1.50617
United Kingdom,GBR,2008,1.54507
United Kingdom,GBR,2009,1.57911
United Kingdom,GBR,2010,1.71624
United Kingdom,GBR,2011,1.72177
United Kingdom,GBR,2013,1.64724
United Kingdom,GBR,2014,1.61897
United Kingdom,GBR,2015,1.78723
United Kingdom,GBR,2016,1.75427
United Kingdom,GBR,2017,1.73136
United States,USA,2013,1.534
United States,USA,2014,1.53638
United States,USA,2015,1.53832
United States,USA,2016,1.54908
United States,USA,2017,1.56964
Uruguay,URY,1979,0.90229
Uruguay,URY,1980,1.04909
Uruguay,URY,1984,0.93234
Uruguay,URY,1985,0.96728
Uruguay,URY,1986,1.10963
Uruguay,URY,1991,0.86497
Uruguay,URY,1992,0.80921
Uruguay,URY,1994,0.80767
Uruguay,URY,1995,0.67367
Uruguay,URY,1996,0.87287
Uruguay,URY,1999,0.79201
Uruguay,URY,2000,0.78863
Uruguay,URY,2001,1.04073
Uruguay,URY,2002,0.7656
Uruguay,URY,2003,0.64313
Uruguay,URY,2004,0.81148
Uruguay,URY,2005,0.91717
Uruguay,URY,2006,0.96007
Uruguay,URY,2011,1.21409
Uruguay,URY,2016,1.12109
Uruguay,URY,2017,1.11928
Uruguay,URY,2018,1.15442
Vanuatu,VUT,1994,2.53856
Vanuatu,VUT,1998,2.26556
Vanuatu,VUT,1999,2.13284
Vanuatu,VUT,2000,2.55825
Vanuatu,VUT,2001,2.49305
Vanuatu,VUT,2008,2.8758
Vanuatu,VUT,2009,2.72033
Vanuatu,VUT,2014,2.31318
Vanuatu,VUT,2015,2.22614
Vanuatu,VUT,2017,2.0236
Venezuela,VEN,1970,1.74644
Venezuela,VEN,1971,1.70852
Venezuela,VEN,1972,1.97213
Venezuela,VEN,1974,1.23317
Venezuela,VEN,1975,1.22248
Venezuela,VEN,1977,1.05205
Venezuela,VEN,1983,1.64683
Venezuela,VEN,1984,0.98069
Venezuela,VEN,1987,0.72643
Venezuela,VEN,1988,0.76882
Venezuela,VEN,1990,0.50749
Venezuela,VEN,1992,0.49982
Venezuela,VEN,1993,0.41334
Venezuela,VEN,1994,1.15796
Venezuela,VEN,2006,1.01812
Venezuela,VEN,2007,1.15402
Venezuela,VEN,2009,2.16863
Venezuela,VEN,2015,2.06982
Vietnam,VNM,2008,1.43585
Vietnam,VNM,2009,1.49006
Vietnam,VNM,2010,1.54196
Vietnam,VNM,2011,1.39489
Vietnam,VNM,2012,1.64923
Vietnam,VNM,2013,1.67804
Yemen,YEM,2011,2.76162
Zambia,ZMB,1970,1.69469
Zambia,ZMB,1971,2.30773
Zambia,ZMB,1972,2.29346
Zambia,ZMB,1973,2.00806
Zambia,ZMB,1974,1.87075
Zambia,ZMB,1975,2.4319
Zambia,ZMB,1976,2.47308
Zambia,ZMB,1977,2.40661
Zambia,ZMB,1978,2.13711
Zambia,ZMB,1979,2.01455
Zambia,ZMB,1980,1.78963
Zambia,ZMB,1981,1.54327
Zambia,ZMB,1982,2.48046
Zambia,ZMB,1983,2.34411
Zambia,ZMB,1984,2.0812
Zambia,ZMB,1985,1.70082
Zambia,ZMB,1986,1.22254
Zambia,ZMB,1987,0.89793
Zambia,ZMB,1991,1.0615
Zambia,ZMB,1992,0.70405
Zambia,ZMB,1993,0.74623
Zambia,ZMB,1994,0.68352
Zambia,ZMB,1995,0.75144
Zambia,ZMB,2000,0.97996
Zambia,ZMB,2004,1.57318
Zambia,ZMB,2005,1.03713
Zambia,ZMB,2015,2.90008
Zambia,ZMB,2016,2.52793
Zambia,ZMB,2017,2.51196
Zimbabwe,ZWE,1979,1.10525
Zimbabwe,ZWE,1980,1.42019
Zimbabwe,ZWE,1981,2.18955
Zimbabwe,ZWE,1983,2.90408
Zimbabwe,ZWE,1984,3.63232
Zimbabwe,ZWE,1985,4.80932
Zimbabwe,ZWE,1987,6.77347
Zimbabwe,ZWE,1988,6.84789
Zimbabwe,ZWE,1989,6.87909
Zimbabwe,ZWE,1990,7.75978
Zimbabwe,ZWE,1992,12.10672
Zimbabwe,ZWE,1994,22.73069
Zimbabwe,ZWE,2010,0.79643
Zimbabwe,ZWE,2012,2.84881
Zimbabwe,ZWE,2013,2.7928
Zimbabwe,ZWE,2014,2.9322
